Product ID,Brand Name,Category,Product Name,Source,Price (INR),Discount (%),Final Price (₹),Rating,Shade/Variant,Product Type,Availability,Ingredients,Skin Type,Best Seller,Most Reviewed,Most Used,Similar Products
1001,Lakmé,Lipstick,Absolute Matte Lipstick,Amazon,388,40,232,4.5,Ruby Red,Matte,In Stock,Shea Butter,Combination,Yes,Yes,Yes,Maybelline Super Stay Matte Ink
1002,Kay Beauty,Lip Crayon,Matte Lip Crayon,Flipkart,822,18,674,4.4,Carnation Nude,Matte,In Stock,Glycerin,Dry,Yes,Yes,Yes,MyGlamm Perfect Lip Crayon
1003,Nykaa,Nail Polish,Matte Nail Enamel,Sephora,722,25,541,4.3,Rosy Blush,Matte,In Stock,Niacinamide,Sensitive,No,Yes,Yes,Faces Canada Splash Nail Enamel
1004,Revlon,Nail Polish,ColorStay Gel Envy,Flipkart,915,19,741,4.3,Hot Pink,Gel,In Stock,Shea Butter,Combination,No,Yes,Yes,Sally Hansen Miracle Gel
1005,Olay,Moisturizer,Regenerist Micro-Sculpting Cream,Sephora,660,16,554,4.5,Fragrance-Free,Cream,In Stock,Retinol,Oily,Yes,Yes,Yes,L'Oréal Paris Revitalift Cream
1006,Clinique,Moisturizer,Moisture Surge 100H,Nykaa,521,45,286,4.7,Fragrance-Free,Gel,In Stock,Vitamin C,Combination,Yes,Yes,Yes,Neutrogena Hydro Boost Gel
1007,Revlon,Nail Polish,ColorStay Gel Envy,Myntra,851,8,782,4.3,Hot Pink,Gel,In Stock,Glycerin,Dry,No,Yes,Yes,Sally Hansen Miracle Gel
1008,Faces Canada,Lipstick,Comfy Matte Lipstick,Amazon,441,46,238,4.4,Cherry Red,Matte,In Stock,Niacinamide,Oily,Yes,No,Yes,Nykaa So Matte Lipstick
1009,Revlon,Nail Polish,ColorStay Gel Envy,Nykaa,360,25,270,4.3,Hot Pink,Gel,In Stock,Vitamin C,Dry,No,Yes,Yes,Sally Hansen Miracle Gel
1010,Huda Beauty,Lipstick,Power Bullet Matte,Nykaa,207,49,105,4.8,Icon,Matte,In Stock,Vitamin C,Dry,Yes,Yes,Yes,Fenty Beauty Stunna Lip Paint
1011,Maybelline,Mascara,Colossal Waterproof Mascara,Nykaa,983,37,619,4.6,Black,Waterproof,In Stock,Niacinamide,Oily,Yes,Yes,Yes,L'Oréal Paris Voluminous Mascara
1012,Clinique,Moisturizer,Moisture Surge 100H,Amazon,601,19,486,4.7,Fragrance-Free,Gel,In Stock,Aloe Vera,Sensitive,Yes,Yes,Yes,Neutrogena Hydro Boost Gel
1013,Lakmé,Lipstick,Absolute Matte Lipstick,Sephora,777,42,450,4.5,Ruby Red,Matte,In Stock,Retinol,Combination,Yes,Yes,Yes,Maybelline Super Stay Matte Ink
1014,L'Oréal Paris,Serum,Revitalift Crystal Micro-Essence,Flipkart,230,5,218,4.6,Transparent,Essence,In Stock,Vitamin C,Dry,Yes,Yes,Yes,Olay Regenerist Serum
1015,Maybelline,Mascara,Colossal Waterproof Mascara,Myntra,996,14,856,4.6,Black,Waterproof,In Stock,Shea Butter,Combination,Yes,Yes,Yes,L'Oréal Paris Voluminous Mascara
1016,Olay,Moisturizer,Regenerist Micro-Sculpting Cream,Myntra,627,6,589,4.5,Fragrance-Free,Cream,In Stock,Vitamin C,Oily,Yes,Yes,Yes,L'Oréal Paris Revitalift Cream
1017,Revlon,Nail Polish,ColorStay Gel Envy,Nykaa,419,8,385,4.3,Hot Pink,Gel,In Stock,Hyaluronic Acid,Dry,No,Yes,Yes,Sally Hansen Miracle Gel
1018,Mars,Eyeshadow,Mars 12-Color Palette,Amazon,885,33,592,4.2,Smokey Tones,Powder,In Stock,Retinol,Combination,No,Yes,Yes,Swiss Beauty Ultimate Eyeshadow
1019,Mars,Eyeshadow,Mars 12-Color Palette,Sephora,875,10,787,4.2,Smokey Tones,Powder,In Stock,Shea Butter,Sensitive,No,Yes,Yes,Swiss Beauty Ultimate Eyeshadow
1020,MyGlamm,Concealer,Total Makeover Concealer,Sephora,872,43,497,4.2,Almond,Liquid,In Stock,Vitamin C,Combination,No,Yes,Yes,Maybelline Fit Me Concealer
1021,MAC,Lipstick,Retro Matte Lipstick,Sephora,396,36,253,4.8,Ruby Woo,Matte,In Stock,Hyaluronic Acid,Dry,Yes,Yes,Yes,NARS Power Matte Lip Pigment
1022,Lakmé,Lipstick,Absolute Matte Lipstick,Flipkart,289,42,167,4.5,Ruby Red,Matte,In Stock,Aloe Vera,Dry,Yes,Yes,Yes,Maybelline Super Stay Matte Ink
1023,MyGlamm,Concealer,Total Makeover Concealer,Myntra,386,5,366,4.2,Almond,Liquid,In Stock,Niacinamide,Normal,No,Yes,Yes,Maybelline Fit Me Concealer
1024,Revlon,Nail Polish,ColorStay Gel Envy,Myntra,651,50,325,4.3,Hot Pink,Gel,In Stock,Retinol,Sensitive,No,Yes,Yes,Sally Hansen Miracle Gel
1025,Nykaa,Nail Polish,Matte Nail Enamel,Myntra,321,38,199,4.3,Rosy Blush,Matte,In Stock,Shea Butter,Sensitive,No,Yes,Yes,Faces Canada Splash Nail Enamel
1026,Swiss Beauty,Foundation,HD Matte Foundation,Nykaa,809,28,582,4.3,Beige,Liquid,In Stock,Glycerin,Dry,Yes,Yes,Yes,Faces Canada Weightless Matte Foundation
1027,Nykaa,Nail Polish,Matte Nail Enamel,Amazon,295,31,203,4.3,Rosy Blush,Matte,In Stock,Retinol,Normal,No,Yes,Yes,Faces Canada Splash Nail Enamel
1028,Huda Beauty,Lipstick,Power Bullet Matte,Flipkart,645,32,438,4.8,Icon,Matte,In Stock,Niacinamide,Oily,Yes,Yes,Yes,Fenty Beauty Stunna Lip Paint
1029,L'Oréal Paris,Serum,Revitalift Crystal Micro-Essence,Amazon,682,38,422,4.6,Transparent,Essence,In Stock,Niacinamide,Normal,Yes,Yes,Yes,Olay Regenerist Serum
1030,Kay Beauty,Lip Crayon,Matte Lip Crayon,Nykaa,384,30,268,4.4,Carnation Nude,Matte,In Stock,Retinol,Combination,Yes,Yes,Yes,MyGlamm Perfect Lip Crayon
1031,Olay,Moisturizer,Regenerist Micro-Sculpting Cream,Amazon,911,37,573,4.5,Fragrance-Free,Cream,In Stock,Glycerin,Oily,Yes,Yes,Yes,L'Oréal Paris Revitalift Cream
1032,MAC,Lipstick,Retro Matte Lipstick,Sephora,263,35,170,4.8,Ruby Woo,Matte,In Stock,Glycerin,Combination,Yes,Yes,Yes,NARS Power Matte Lip Pigment
1033,Dior,Serum,Capture Totale Super Potent,Flipkart,371,16,311,4.9,Fragrance-Free,Serum,Limited,Glycerin,Combination,Yes,Yes,Yes,Lancôme Advanced Génifique
1034,Dior,Serum,Capture Totale Super Potent,Amazon,873,15,742,4.9,Fragrance-Free,Serum,Limited,Niacinamide,Dry,Yes,Yes,Yes,Lancôme Advanced Génifique
1035,Huda Beauty,Lipstick,Power Bullet Matte,Amazon,321,29,227,4.8,Icon,Matte,In Stock,Vitamin C,Dry,Yes,Yes,Yes,Fenty Beauty Stunna Lip Paint
1036,Charlotte Tilbury,Foundation,Airbrush Flawless,Myntra,508,15,431,4.9,Neutral 5,Liquid,Limited,Aloe Vera,Combination,Yes,Yes,Yes,Estée Lauder Double Wear
1037,Charlotte Tilbury,Foundation,Airbrush Flawless,Amazon,467,30,326,4.9,Neutral 5,Liquid,Limited,Retinol,Dry,Yes,Yes,Yes,Estée Lauder Double Wear
1038,Clinique,Moisturizer,Moisture Surge 100H,Sephora,299,12,263,4.7,Fragrance-Free,Gel,In Stock,Aloe Vera,Normal,Yes,Yes,Yes,Neutrogena Hydro Boost Gel
1039,L'Oréal Paris,Serum,Revitalift Crystal Micro-Essence,Flipkart,894,18,733,4.6,Transparent,Essence,In Stock,Glycerin,Sensitive,Yes,Yes,Yes,Olay Regenerist Serum
1040,L'Oréal Paris,Serum,Revitalift Crystal Micro-Essence,Amazon,330,27,240,4.6,Transparent,Essence,In Stock,Vitamin C,Combination,Yes,Yes,Yes,Olay Regenerist Serum
1041,Nykaa,Nail Polish,Matte Nail Enamel,Sephora,325,35,211,4.3,Rosy Blush,Matte,In Stock,Aloe Vera,Oily,No,Yes,Yes,Faces Canada Splash Nail Enamel
1042,Kay Beauty,Lip Crayon,Matte Lip Crayon,Myntra,508,5,482,4.4,Carnation Nude,Matte,In Stock,Niacinamide,Oily,Yes,Yes,Yes,MyGlamm Perfect Lip Crayon
1043,Lakmé,Lipstick,Absolute Matte Lipstick,Flipkart,506,24,384,4.5,Ruby Red,Matte,In Stock,Vitamin C,Sensitive,Yes,Yes,Yes,Maybelline Super Stay Matte Ink
1044,Huda Beauty,Lipstick,Power Bullet Matte,Flipkart,612,42,354,4.8,Icon,Matte,In Stock,Niacinamide,Oily,Yes,Yes,Yes,Fenty Beauty Stunna Lip Paint
1045,Mars,Eyeshadow,Mars 12-Color Palette,Amazon,325,32,220,4.2,Smokey Tones,Powder,In Stock,Vitamin C,Oily,No,Yes,Yes,Swiss Beauty Ultimate Eyeshadow
1046,L'Oréal Paris,Serum,Revitalift Crystal Micro-Essence,Nykaa,825,34,544,4.6,Transparent,Essence,In Stock,Vitamin C,Normal,Yes,Yes,Yes,Olay Regenerist Serum
1047,Dior,Serum,Capture Totale Super Potent,Amazon,259,20,207,4.9,Fragrance-Free,Serum,Limited,Retinol,Normal,Yes,Yes,Yes,Lancôme Advanced Génifique
1048,Mars,Eyeshadow,Mars 12-Color Palette,Amazon,415,29,294,4.2,Smokey Tones,Powder,In Stock,Aloe Vera,Combination,No,Yes,Yes,Swiss Beauty Ultimate Eyeshadow
1049,NARS,Blush,Orgasm Blush,Flipkart,984,39,600,4.7,Peach Pink,Powder,Limited,Vitamin C,Sensitive,Yes,Yes,Yes,MAC Powder Blush
1050,Lakmé,Lipstick,Absolute Matte Lipstick,Amazon,363,13,315,4.5,Ruby Red,Matte,In Stock,Aloe Vera,Normal,Yes,Yes,Yes,Maybelline Super Stay Matte Ink
1051,Faces Canada,Lipstick,Comfy Matte Lipstick,Flipkart,389,40,233,4.4,Cherry Red,Matte,In Stock,Aloe Vera,Normal,Yes,No,Yes,Nykaa So Matte Lipstick
1052,Nykaa,Nail Polish,Matte Nail Enamel,Nykaa,246,50,123,4.3,Rosy Blush,Matte,In Stock,Retinol,Combination,No,Yes,Yes,Faces Canada Splash Nail Enamel
1053,Charlotte Tilbury,Foundation,Airbrush Flawless,Sephora,929,45,510,4.9,Neutral 5,Liquid,Limited,Aloe Vera,Normal,Yes,Yes,Yes,Estée Lauder Double Wear
1054,Clinique,Moisturizer,Moisture Surge 100H,Nykaa,781,20,624,4.7,Fragrance-Free,Gel,In Stock,Hyaluronic Acid,Sensitive,Yes,Yes,Yes,Neutrogena Hydro Boost Gel
1055,Faces Canada,Lipstick,Comfy Matte Lipstick,Amazon,850,16,714,4.4,Cherry Red,Matte,In Stock,Hyaluronic Acid,Normal,Yes,No,Yes,Nykaa So Matte Lipstick
1056,Swiss Beauty,Foundation,HD Matte Foundation,Amazon,308,21,243,4.3,Beige,Liquid,In Stock,Glycerin,Normal,Yes,Yes,Yes,Faces Canada Weightless Matte Foundation
1057,MyGlamm,Concealer,Total Makeover Concealer,Myntra,753,23,579,4.2,Almond,Liquid,In Stock,Hyaluronic Acid,Combination,No,Yes,Yes,Maybelline Fit Me Concealer
1058,MAC,Lipstick,Retro Matte Lipstick,Nykaa,481,37,303,4.8,Ruby Woo,Matte,In Stock,Glycerin,Oily,Yes,Yes,Yes,NARS Power Matte Lip Pigment
1059,Revlon,Nail Polish,ColorStay Gel Envy,Nykaa,533,20,426,4.3,Hot Pink,Gel,In Stock,Aloe Vera,Normal,No,Yes,Yes,Sally Hansen Miracle Gel
1060,MyGlamm,Concealer,Total Makeover Concealer,Amazon,310,30,217,4.2,Almond,Liquid,In Stock,Vitamin C,Oily,No,Yes,Yes,Maybelline Fit Me Concealer
1061,Dior,Serum,Capture Totale Super Potent,Nykaa,667,49,340,4.9,Fragrance-Free,Serum,Limited,Aloe Vera,Oily,Yes,Yes,Yes,Lancôme Advanced Génifique
1062,Kay Beauty,Lip Crayon,Matte Lip Crayon,Nykaa,986,25,739,4.4,Carnation Nude,Matte,In Stock,Niacinamide,Dry,Yes,Yes,Yes,MyGlamm Perfect Lip Crayon
1063,Dior,Serum,Capture Totale Super Potent,Amazon,611,17,507,4.9,Fragrance-Free,Serum,Limited,Retinol,Combination,Yes,Yes,Yes,Lancôme Advanced Génifique
1064,Clinique,Moisturizer,Moisture Surge 100H,Myntra,214,14,184,4.7,Fragrance-Free,Gel,In Stock,Aloe Vera,Dry,Yes,Yes,Yes,Neutrogena Hydro Boost Gel
1065,Kay Beauty,Lip Crayon,Matte Lip Crayon,Myntra,893,24,678,4.4,Carnation Nude,Matte,In Stock,Shea Butter,Oily,Yes,Yes,Yes,MyGlamm Perfect Lip Crayon
1066,Nykaa,Nail Polish,Matte Nail Enamel,Sephora,390,9,354,4.3,Rosy Blush,Matte,In Stock,Vitamin C,Oily,No,Yes,Yes,Faces Canada Splash Nail Enamel
1067,MyGlamm,Concealer,Total Makeover Concealer,Sephora,400,46,216,4.2,Almond,Liquid,In Stock,Hyaluronic Acid,Sensitive,No,Yes,Yes,Maybelline Fit Me Concealer
1068,Olay,Moisturizer,Regenerist Micro-Sculpting Cream,Myntra,210,5,199,4.5,Fragrance-Free,Cream,In Stock,Shea Butter,Combination,Yes,Yes,Yes,L'Oréal Paris Revitalift Cream
1069,Kay Beauty,Lip Crayon,Matte Lip Crayon,Myntra,232,29,164,4.4,Carnation Nude,Matte,In Stock,Aloe Vera,Dry,Yes,Yes,Yes,MyGlamm Perfect Lip Crayon
1070,MyGlamm,Concealer,Total Makeover Concealer,Nykaa,271,32,184,4.2,Almond,Liquid,In Stock,Retinol,Sensitive,No,Yes,Yes,Maybelline Fit Me Concealer
1071,L'Oréal Paris,Serum,Revitalift Crystal Micro-Essence,Flipkart,405,25,303,4.6,Transparent,Essence,In Stock,Glycerin,Dry,Yes,Yes,Yes,Olay Regenerist Serum
1072,Kay Beauty,Lip Crayon,Matte Lip Crayon,Amazon,221,19,179,4.4,Carnation Nude,Matte,In Stock,Niacinamide,Oily,Yes,Yes,Yes,MyGlamm Perfect Lip Crayon
1073,Clinique,Moisturizer,Moisture Surge 100H,Myntra,885,47,469,4.7,Fragrance-Free,Gel,In Stock,Niacinamide,Combination,Yes,Yes,Yes,Neutrogena Hydro Boost Gel
1074,Huda Beauty,Lipstick,Power Bullet Matte,Nykaa,374,11,332,4.8,Icon,Matte,In Stock,Shea Butter,Sensitive,Yes,Yes,Yes,Fenty Beauty Stunna Lip Paint
1075,Revlon,Nail Polish,ColorStay Gel Envy,Sephora,218,44,122,4.3,Hot Pink,Gel,In Stock,Vitamin C,Oily,No,Yes,Yes,Sally Hansen Miracle Gel
1076,Maybelline,Mascara,Colossal Waterproof Mascara,Flipkart,876,40,525,4.6,Black,Waterproof,In Stock,Glycerin,Combination,Yes,Yes,Yes,L'Oréal Paris Voluminous Mascara
1077,Nykaa,Nail Polish,Matte Nail Enamel,Myntra,684,8,629,4.3,Rosy Blush,Matte,In Stock,Retinol,Normal,No,Yes,Yes,Faces Canada Splash Nail Enamel
1078,Kay Beauty,Lip Crayon,Matte Lip Crayon,Amazon,678,39,413,4.4,Carnation Nude,Matte,In Stock,Aloe Vera,Combination,Yes,Yes,Yes,MyGlamm Perfect Lip Crayon
1079,Olay,Moisturizer,Regenerist Micro-Sculpting Cream,Myntra,913,42,529,4.5,Fragrance-Free,Cream,In Stock,Glycerin,Oily,Yes,Yes,Yes,L'Oréal Paris Revitalift Cream
1080,Dior,Serum,Capture Totale Super Potent,Myntra,451,46,243,4.9,Fragrance-Free,Serum,Limited,Aloe Vera,Dry,Yes,Yes,Yes,Lancôme Advanced Génifique
1081,Clinique,Moisturizer,Moisture Surge 100H,Sephora,867,33,580,4.7,Fragrance-Free,Gel,In Stock,Niacinamide,Sensitive,Yes,Yes,Yes,Neutrogena Hydro Boost Gel
1082,L'Oréal Paris,Serum,Revitalift Crystal Micro-Essence,Sephora,222,12,195,4.6,Transparent,Essence,In Stock,Retinol,Oily,Yes,Yes,Yes,Olay Regenerist Serum
1083,Kay Beauty,Lip Crayon,Matte Lip Crayon,Sephora,690,50,345,4.4,Carnation Nude,Matte,In Stock,Vitamin C,Dry,Yes,Yes,Yes,MyGlamm Perfect Lip Crayon
1084,MyGlamm,Concealer,Total Makeover Concealer,Sephora,589,42,341,4.2,Almond,Liquid,In Stock,Aloe Vera,Combination,No,Yes,Yes,Maybelline Fit Me Concealer
1085,Maybelline,Mascara,Colossal Waterproof Mascara,Sephora,676,39,412,4.6,Black,Waterproof,In Stock,Vitamin C,Combination,Yes,Yes,Yes,L'Oréal Paris Voluminous Mascara
1086,Lakmé,Lipstick,Absolute Matte Lipstick,Myntra,873,12,768,4.5,Ruby Red,Matte,In Stock,Shea Butter,Oily,Yes,Yes,Yes,Maybelline Super Stay Matte Ink
1087,MAC,Lipstick,Retro Matte Lipstick,Flipkart,725,20,580,4.8,Ruby Woo,Matte,In Stock,Vitamin C,Combination,Yes,Yes,Yes,NARS Power Matte Lip Pigment
1088,Lakmé,Lipstick,Absolute Matte Lipstick,Myntra,659,21,520,4.5,Ruby Red,Matte,In Stock,Retinol,Dry,Yes,Yes,Yes,Maybelline Super Stay Matte Ink
1089,Nykaa,Nail Polish,Matte Nail Enamel,Amazon,608,20,486,4.3,Rosy Blush,Matte,In Stock,Aloe Vera,Normal,No,Yes,Yes,Faces Canada Splash Nail Enamel
1090,Charlotte Tilbury,Foundation,Airbrush Flawless,Myntra,377,26,278,4.9,Neutral 5,Liquid,Limited,Hyaluronic Acid,Dry,Yes,Yes,Yes,Estée Lauder Double Wear
1091,Revlon,Nail Polish,ColorStay Gel Envy,Amazon,811,8,746,4.3,Hot Pink,Gel,In Stock,Shea Butter,Sensitive,No,Yes,Yes,Sally Hansen Miracle Gel
1092,Faces Canada,Lipstick,Comfy Matte Lipstick,Nykaa,886,27,646,4.4,Cherry Red,Matte,In Stock,Shea Butter,Dry,Yes,No,Yes,Nykaa So Matte Lipstick
1093,MyGlamm,Concealer,Total Makeover Concealer,Myntra,341,34,225,4.2,Almond,Liquid,In Stock,Hyaluronic Acid,Normal,No,Yes,Yes,Maybelline Fit Me Concealer
1094,Clinique,Moisturizer,Moisture Surge 100H,Amazon,295,44,165,4.7,Fragrance-Free,Gel,In Stock,Shea Butter,Sensitive,Yes,Yes,Yes,Neutrogena Hydro Boost Gel
1095,Huda Beauty,Lipstick,Power Bullet Matte,Flipkart,849,5,806,4.8,Icon,Matte,In Stock,Retinol,Normal,Yes,Yes,Yes,Fenty Beauty Stunna Lip Paint
1096,Clinique,Moisturizer,Moisture Surge 100H,Myntra,271,35,176,4.7,Fragrance-Free,Gel,In Stock,Hyaluronic Acid,Oily,Yes,Yes,Yes,Neutrogena Hydro Boost Gel
1097,Kay Beauty,Lip Crayon,Matte Lip Crayon,Nykaa,616,38,381,4.4,Carnation Nude,Matte,In Stock,Niacinamide,Oily,Yes,Yes,Yes,MyGlamm Perfect Lip Crayon
1098,Maybelline,Mascara,Colossal Waterproof Mascara,Sephora,795,44,445,4.6,Black,Waterproof,In Stock,Glycerin,Dry,Yes,Yes,Yes,L'Oréal Paris Voluminous Mascara
1099,Olay,Moisturizer,Regenerist Micro-Sculpting Cream,Flipkart,217,11,193,4.5,Fragrance-Free,Cream,In Stock,Hyaluronic Acid,Normal,Yes,Yes,Yes,L'Oréal Paris Revitalift Cream
1100,Nykaa,Nail Polish,Matte Nail Enamel,Amazon,390,47,206,4.3,Rosy Blush,Matte,In Stock,Glycerin,Normal,No,Yes,Yes,Faces Canada Splash Nail Enamel
1101,NARS,Blush,Orgasm Blush,Amazon,655,42,379,4.7,Peach Pink,Powder,Limited,Glycerin,Dry,Yes,Yes,Yes,MAC Powder Blush
1102,Charlotte Tilbury,Foundation,Airbrush Flawless,Flipkart,530,42,307,4.9,Neutral 5,Liquid,Limited,Vitamin C,Normal,Yes,Yes,Yes,Estée Lauder Double Wear
1103,MAC,Lipstick,Retro Matte Lipstick,Flipkart,632,45,347,4.8,Ruby Woo,Matte,In Stock,Vitamin C,Combination,Yes,Yes,Yes,NARS Power Matte Lip Pigment
1104,MyGlamm,Concealer,Total Makeover Concealer,Sephora,529,18,433,4.2,Almond,Liquid,In Stock,Shea Butter,Oily,No,Yes,Yes,Maybelline Fit Me Concealer
1105,Maybelline,Mascara,Colossal Waterproof Mascara,Myntra,882,10,793,4.6,Black,Waterproof,In Stock,Glycerin,Normal,Yes,Yes,Yes,L'Oréal Paris Voluminous Mascara
1106,Faces Canada,Lipstick,Comfy Matte Lipstick,Flipkart,581,9,528,4.4,Cherry Red,Matte,In Stock,Shea Butter,Sensitive,Yes,No,Yes,Nykaa So Matte Lipstick
1107,Lakmé,Lipstick,Absolute Matte Lipstick,Amazon,319,33,213,4.5,Ruby Red,Matte,In Stock,Hyaluronic Acid,Combination,Yes,Yes,Yes,Maybelline Super Stay Matte Ink
1108,Huda Beauty,Lipstick,Power Bullet Matte,Amazon,319,42,185,4.8,Icon,Matte,In Stock,Niacinamide,Oily,Yes,Yes,Yes,Fenty Beauty Stunna Lip Paint
1109,Clinique,Moisturizer,Moisture Surge 100H,Myntra,970,37,611,4.7,Fragrance-Free,Gel,In Stock,Hyaluronic Acid,Dry,Yes,Yes,Yes,Neutrogena Hydro Boost Gel
1110,Swiss Beauty,Foundation,HD Matte Foundation,Myntra,327,21,258,4.3,Beige,Liquid,In Stock,Aloe Vera,Combination,Yes,Yes,Yes,Faces Canada Weightless Matte Foundation
1111,NARS,Blush,Orgasm Blush,Flipkart,595,10,535,4.7,Peach Pink,Powder,Limited,Glycerin,Oily,Yes,Yes,Yes,MAC Powder Blush
1112,Faces Canada,Lipstick,Comfy Matte Lipstick,Nykaa,287,36,183,4.4,Cherry Red,Matte,In Stock,Vitamin C,Normal,Yes,No,Yes,Nykaa So Matte Lipstick
1113,Kay Beauty,Lip Crayon,Matte Lip Crayon,Sephora,449,49,228,4.4,Carnation Nude,Matte,In Stock,Aloe Vera,Sensitive,Yes,Yes,Yes,MyGlamm Perfect Lip Crayon
1114,Kay Beauty,Lip Crayon,Matte Lip Crayon,Amazon,673,5,639,4.4,Carnation Nude,Matte,In Stock,Niacinamide,Sensitive,Yes,Yes,Yes,MyGlamm Perfect Lip Crayon
1115,Kay Beauty,Lip Crayon,Matte Lip Crayon,Nykaa,725,22,565,4.4,Carnation Nude,Matte,In Stock,Shea Butter,Dry,Yes,Yes,Yes,MyGlamm Perfect Lip Crayon
1116,Revlon,Nail Polish,ColorStay Gel Envy,Flipkart,410,37,258,4.3,Hot Pink,Gel,In Stock,Shea Butter,Dry,No,Yes,Yes,Sally Hansen Miracle Gel
1117,Clinique,Moisturizer,Moisture Surge 100H,Amazon,513,9,466,4.7,Fragrance-Free,Gel,In Stock,Shea Butter,Oily,Yes,Yes,Yes,Neutrogena Hydro Boost Gel
1118,Lakmé,Lipstick,Absolute Matte Lipstick,Myntra,225,21,177,4.5,Ruby Red,Matte,In Stock,Vitamin C,Normal,Yes,Yes,Yes,Maybelline Super Stay Matte Ink
1119,Charlotte Tilbury,Foundation,Airbrush Flawless,Amazon,443,6,416,4.9,Neutral 5,Liquid,Limited,Glycerin,Oily,Yes,Yes,Yes,Estée Lauder Double Wear
1120,Olay,Moisturizer,Regenerist Micro-Sculpting Cream,Sephora,613,18,502,4.5,Fragrance-Free,Cream,In Stock,Hyaluronic Acid,Dry,Yes,Yes,Yes,L'Oréal Paris Revitalift Cream
1121,Olay,Moisturizer,Regenerist Micro-Sculpting Cream,Sephora,729,22,568,4.5,Fragrance-Free,Cream,In Stock,Glycerin,Combination,Yes,Yes,Yes,L'Oréal Paris Revitalift Cream
1122,L'Oréal Paris,Serum,Revitalift Crystal Micro-Essence,Flipkart,955,30,668,4.6,Transparent,Essence,In Stock,Hyaluronic Acid,Dry,Yes,Yes,Yes,Olay Regenerist Serum
1123,Swiss Beauty,Foundation,HD Matte Foundation,Myntra,237,5,225,4.3,Beige,Liquid,In Stock,Glycerin,Combination,Yes,Yes,Yes,Faces Canada Weightless Matte Foundation
1124,MAC,Lipstick,Retro Matte Lipstick,Amazon,762,36,487,4.8,Ruby Woo,Matte,In Stock,Retinol,Oily,Yes,Yes,Yes,NARS Power Matte Lip Pigment
1125,Huda Beauty,Lipstick,Power Bullet Matte,Nykaa,241,21,190,4.8,Icon,Matte,In Stock,Hyaluronic Acid,Normal,Yes,Yes,Yes,Fenty Beauty Stunna Lip Paint
1126,MyGlamm,Concealer,Total Makeover Concealer,Amazon,576,44,322,4.2,Almond,Liquid,In Stock,Retinol,Dry,No,Yes,Yes,Maybelline Fit Me Concealer
1127,Mars,Eyeshadow,Mars 12-Color Palette,Sephora,321,30,224,4.2,Smokey Tones,Powder,In Stock,Hyaluronic Acid,Sensitive,No,Yes,Yes,Swiss Beauty Ultimate Eyeshadow
1128,Mars,Eyeshadow,Mars 12-Color Palette,Nykaa,230,10,207,4.2,Smokey Tones,Powder,In Stock,Shea Butter,Sensitive,No,Yes,Yes,Swiss Beauty Ultimate Eyeshadow
1129,Nykaa,Nail Polish,Matte Nail Enamel,Sephora,701,41,413,4.3,Rosy Blush,Matte,In Stock,Shea Butter,Oily,No,Yes,Yes,Faces Canada Splash Nail Enamel
1130,MyGlamm,Concealer,Total Makeover Concealer,Flipkart,478,48,248,4.2,Almond,Liquid,In Stock,Vitamin C,Normal,No,Yes,Yes,Maybelline Fit Me Concealer
1131,Dior,Serum,Capture Totale Super Potent,Nykaa,963,46,520,4.9,Fragrance-Free,Serum,Limited,Niacinamide,Dry,Yes,Yes,Yes,Lancôme Advanced Génifique
1132,Charlotte Tilbury,Foundation,Airbrush Flawless,Flipkart,233,28,167,4.9,Neutral 5,Liquid,Limited,Hyaluronic Acid,Sensitive,Yes,Yes,Yes,Estée Lauder Double Wear
1133,NARS,Blush,Orgasm Blush,Amazon,488,34,322,4.7,Peach Pink,Powder,Limited,Shea Butter,Combination,Yes,Yes,Yes,MAC Powder Blush
1134,Huda Beauty,Lipstick,Power Bullet Matte,Sephora,610,45,335,4.8,Icon,Matte,In Stock,Vitamin C,Normal,Yes,Yes,Yes,Fenty Beauty Stunna Lip Paint
1135,Dior,Serum,Capture Totale Super Potent,Flipkart,570,20,456,4.9,Fragrance-Free,Serum,Limited,Aloe Vera,Sensitive,Yes,Yes,Yes,Lancôme Advanced Génifique
1136,NARS,Blush,Orgasm Blush,Myntra,669,22,521,4.7,Peach Pink,Powder,Limited,Aloe Vera,Combination,Yes,Yes,Yes,MAC Powder Blush
1137,Swiss Beauty,Foundation,HD Matte Foundation,Flipkart,455,31,313,4.3,Beige,Liquid,In Stock,Glycerin,Combination,Yes,Yes,Yes,Faces Canada Weightless Matte Foundation
1138,MAC,Lipstick,Retro Matte Lipstick,Amazon,567,32,385,4.8,Ruby Woo,Matte,In Stock,Glycerin,Sensitive,Yes,Yes,Yes,NARS Power Matte Lip Pigment
1139,Swiss Beauty,Foundation,HD Matte Foundation,Myntra,208,29,147,4.3,Beige,Liquid,In Stock,Hyaluronic Acid,Sensitive,Yes,Yes,Yes,Faces Canada Weightless Matte Foundation
1140,Faces Canada,Lipstick,Comfy Matte Lipstick,Sephora,364,21,287,4.4,Cherry Red,Matte,In Stock,Niacinamide,Sensitive,Yes,No,Yes,Nykaa So Matte Lipstick
1141,NARS,Blush,Orgasm Blush,Nykaa,705,48,366,4.7,Peach Pink,Powder,Limited,Retinol,Oily,Yes,Yes,Yes,MAC Powder Blush
1142,Faces Canada,Lipstick,Comfy Matte Lipstick,Sephora,458,49,233,4.4,Cherry Red,Matte,In Stock,Vitamin C,Combination,Yes,No,Yes,Nykaa So Matte Lipstick
1143,Clinique,Moisturizer,Moisture Surge 100H,Myntra,893,10,803,4.7,Fragrance-Free,Gel,In Stock,Retinol,Dry,Yes,Yes,Yes,Neutrogena Hydro Boost Gel
1144,Kay Beauty,Lip Crayon,Matte Lip Crayon,Myntra,997,34,658,4.4,Carnation Nude,Matte,In Stock,Aloe Vera,Combination,Yes,Yes,Yes,MyGlamm Perfect Lip Crayon
1145,Huda Beauty,Lipstick,Power Bullet Matte,Nykaa,455,47,241,4.8,Icon,Matte,In Stock,Aloe Vera,Combination,Yes,Yes,Yes,Fenty Beauty Stunna Lip Paint
1146,Clinique,Moisturizer,Moisture Surge 100H,Flipkart,312,31,215,4.7,Fragrance-Free,Gel,In Stock,Shea Butter,Sensitive,Yes,Yes,Yes,Neutrogena Hydro Boost Gel
1147,MAC,Lipstick,Retro Matte Lipstick,Flipkart,695,17,576,4.8,Ruby Woo,Matte,In Stock,Vitamin C,Combination,Yes,Yes,Yes,NARS Power Matte Lip Pigment
1148,Clinique,Moisturizer,Moisture Surge 100H,Myntra,239,48,124,4.7,Fragrance-Free,Gel,In Stock,Glycerin,Normal,Yes,Yes,Yes,Neutrogena Hydro Boost Gel
1149,MyGlamm,Concealer,Total Makeover Concealer,Nykaa,277,49,141,4.2,Almond,Liquid,In Stock,Aloe Vera,Oily,No,Yes,Yes,Maybelline Fit Me Concealer
1150,Lakmé,Lipstick,Absolute Matte Lipstick,Flipkart,846,16,710,4.5,Ruby Red,Matte,In Stock,Vitamin C,Combination,Yes,Yes,Yes,Maybelline Super Stay Matte Ink
1151,Olay,Moisturizer,Regenerist Micro-Sculpting Cream,Nykaa,689,36,440,4.5,Fragrance-Free,Cream,In Stock,Niacinamide,Oily,Yes,Yes,Yes,L'Oréal Paris Revitalift Cream
1152,L'Oréal Paris,Serum,Revitalift Crystal Micro-Essence,Myntra,224,50,112,4.6,Transparent,Essence,In Stock,Shea Butter,Sensitive,Yes,Yes,Yes,Olay Regenerist Serum
1153,Dior,Serum,Capture Totale Super Potent,Myntra,572,5,543,4.9,Fragrance-Free,Serum,Limited,Glycerin,Combination,Yes,Yes,Yes,Lancôme Advanced Génifique
1154,Mars,Eyeshadow,Mars 12-Color Palette,Amazon,706,44,395,4.2,Smokey Tones,Powder,In Stock,Aloe Vera,Oily,No,Yes,Yes,Swiss Beauty Ultimate Eyeshadow
1155,Olay,Moisturizer,Regenerist Micro-Sculpting Cream,Flipkart,504,16,423,4.5,Fragrance-Free,Cream,In Stock,Glycerin,Normal,Yes,Yes,Yes,L'Oréal Paris Revitalift Cream
1156,Revlon,Nail Polish,ColorStay Gel Envy,Amazon,867,50,433,4.3,Hot Pink,Gel,In Stock,Shea Butter,Combination,No,Yes,Yes,Sally Hansen Miracle Gel
1157,NARS,Blush,Orgasm Blush,Myntra,546,23,420,4.7,Peach Pink,Powder,Limited,Glycerin,Normal,Yes,Yes,Yes,MAC Powder Blush
1158,MyGlamm,Concealer,Total Makeover Concealer,Sephora,791,19,640,4.2,Almond,Liquid,In Stock,Aloe Vera,Sensitive,No,Yes,Yes,Maybelline Fit Me Concealer
1159,Lakmé,Lipstick,Absolute Matte Lipstick,Myntra,990,27,722,4.5,Ruby Red,Matte,In Stock,Vitamin C,Combination,Yes,Yes,Yes,Maybelline Super Stay Matte Ink
1160,Dior,Serum,Capture Totale Super Potent,Amazon,826,17,685,4.9,Fragrance-Free,Serum,Limited,Retinol,Normal,Yes,Yes,Yes,Lancôme Advanced Génifique
1161,Faces Canada,Lipstick,Comfy Matte Lipstick,Flipkart,861,37,542,4.4,Cherry Red,Matte,In Stock,Retinol,Oily,Yes,No,Yes,Nykaa So Matte Lipstick
1162,Mars,Eyeshadow,Mars 12-Color Palette,Nykaa,733,12,645,4.2,Smokey Tones,Powder,In Stock,Vitamin C,Oily,No,Yes,Yes,Swiss Beauty Ultimate Eyeshadow
1163,Nykaa,Nail Polish,Matte Nail Enamel,Myntra,915,10,823,4.3,Rosy Blush,Matte,In Stock,Hyaluronic Acid,Normal,No,Yes,Yes,Faces Canada Splash Nail Enamel
1164,Charlotte Tilbury,Foundation,Airbrush Flawless,Myntra,996,15,846,4.9,Neutral 5,Liquid,Limited,Retinol,Combination,Yes,Yes,Yes,Estée Lauder Double Wear
1165,Swiss Beauty,Foundation,HD Matte Foundation,Flipkart,300,36,192,4.3,Beige,Liquid,In Stock,Vitamin C,Dry,Yes,Yes,Yes,Faces Canada Weightless Matte Foundation
1166,Mars,Eyeshadow,Mars 12-Color Palette,Amazon,361,26,267,4.2,Smokey Tones,Powder,In Stock,Glycerin,Sensitive,No,Yes,Yes,Swiss Beauty Ultimate Eyeshadow
1167,MyGlamm,Concealer,Total Makeover Concealer,Myntra,740,42,429,4.2,Almond,Liquid,In Stock,Retinol,Oily,No,Yes,Yes,Maybelline Fit Me Concealer
1168,MyGlamm,Concealer,Total Makeover Concealer,Sephora,933,27,681,4.2,Almond,Liquid,In Stock,Glycerin,Normal,No,Yes,Yes,Maybelline Fit Me Concealer
1169,Lakmé,Lipstick,Absolute Matte Lipstick,Nykaa,610,10,549,4.5,Ruby Red,Matte,In Stock,Hyaluronic Acid,Dry,Yes,Yes,Yes,Maybelline Super Stay Matte Ink
1170,Charlotte Tilbury,Foundation,Airbrush Flawless,Myntra,574,8,528,4.9,Neutral 5,Liquid,Limited,Vitamin C,Combination,Yes,Yes,Yes,Estée Lauder Double Wear
1171,MyGlamm,Concealer,Total Makeover Concealer,Flipkart,445,31,307,4.2,Almond,Liquid,In Stock,Glycerin,Normal,No,Yes,Yes,Maybelline Fit Me Concealer
1172,Revlon,Nail Polish,ColorStay Gel Envy,Nykaa,895,48,465,4.3,Hot Pink,Gel,In Stock,Shea Butter,Combination,No,Yes,Yes,Sally Hansen Miracle Gel
1173,Swiss Beauty,Foundation,HD Matte Foundation,Amazon,518,29,367,4.3,Beige,Liquid,In Stock,Shea Butter,Normal,Yes,Yes,Yes,Faces Canada Weightless Matte Foundation
1174,Clinique,Moisturizer,Moisture Surge 100H,Flipkart,677,46,365,4.7,Fragrance-Free,Gel,In Stock,Hyaluronic Acid,Sensitive,Yes,Yes,Yes,Neutrogena Hydro Boost Gel
1175,Clinique,Moisturizer,Moisture Surge 100H,Sephora,868,42,503,4.7,Fragrance-Free,Gel,In Stock,Aloe Vera,Sensitive,Yes,Yes,Yes,Neutrogena Hydro Boost Gel
1176,Maybelline,Mascara,Colossal Waterproof Mascara,Myntra,214,29,151,4.6,Black,Waterproof,In Stock,Hyaluronic Acid,Oily,Yes,Yes,Yes,L'Oréal Paris Voluminous Mascara
1177,Mars,Eyeshadow,Mars 12-Color Palette,Myntra,766,10,689,4.2,Smokey Tones,Powder,In Stock,Glycerin,Dry,No,Yes,Yes,Swiss Beauty Ultimate Eyeshadow
1178,Mars,Eyeshadow,Mars 12-Color Palette,Myntra,634,49,323,4.2,Smokey Tones,Powder,In Stock,Niacinamide,Normal,No,Yes,Yes,Swiss Beauty Ultimate Eyeshadow
1179,Mars,Eyeshadow,Mars 12-Color Palette,Flipkart,626,26,463,4.2,Smokey Tones,Powder,In Stock,Niacinamide,Dry,No,Yes,Yes,Swiss Beauty Ultimate Eyeshadow
1180,Mars,Eyeshadow,Mars 12-Color Palette,Amazon,730,23,562,4.2,Smokey Tones,Powder,In Stock,Vitamin C,Sensitive,No,Yes,Yes,Swiss Beauty Ultimate Eyeshadow
1181,Lakmé,Lipstick,Absolute Matte Lipstick,Sephora,415,21,327,4.5,Ruby Red,Matte,In Stock,Vitamin C,Combination,Yes,Yes,Yes,Maybelline Super Stay Matte Ink
1182,Mars,Eyeshadow,Mars 12-Color Palette,Amazon,492,13,428,4.2,Smokey Tones,Powder,In Stock,Vitamin C,Dry,No,Yes,Yes,Swiss Beauty Ultimate Eyeshadow
1183,Mars,Eyeshadow,Mars 12-Color Palette,Amazon,788,28,567,4.2,Smokey Tones,Powder,In Stock,Retinol,Dry,No,Yes,Yes,Swiss Beauty Ultimate Eyeshadow
1184,Lakmé,Lipstick,Absolute Matte Lipstick,Nykaa,442,22,344,4.5,Ruby Red,Matte,In Stock,Vitamin C,Oily,Yes,Yes,Yes,Maybelline Super Stay Matte Ink
1185,Revlon,Nail Polish,ColorStay Gel Envy,Amazon,767,42,444,4.3,Hot Pink,Gel,In Stock,Retinol,Normal,No,Yes,Yes,Sally Hansen Miracle Gel
1186,Nykaa,Nail Polish,Matte Nail Enamel,Nykaa,679,9,617,4.3,Rosy Blush,Matte,In Stock,Vitamin C,Dry,No,Yes,Yes,Faces Canada Splash Nail Enamel
1187,MAC,Lipstick,Retro Matte Lipstick,Nykaa,659,10,593,4.8,Ruby Woo,Matte,In Stock,Vitamin C,Sensitive,Yes,Yes,Yes,NARS Power Matte Lip Pigment
1188,Dior,Serum,Capture Totale Super Potent,Amazon,706,16,593,4.9,Fragrance-Free,Serum,Limited,Shea Butter,Dry,Yes,Yes,Yes,Lancôme Advanced Génifique
1189,Revlon,Nail Polish,ColorStay Gel Envy,Flipkart,415,21,327,4.3,Hot Pink,Gel,In Stock,Aloe Vera,Combination,No,Yes,Yes,Sally Hansen Miracle Gel
1190,Olay,Moisturizer,Regenerist Micro-Sculpting Cream,Amazon,254,38,157,4.5,Fragrance-Free,Cream,In Stock,Aloe Vera,Oily,Yes,Yes,Yes,L'Oréal Paris Revitalift Cream
1191,Dior,Serum,Capture Totale Super Potent,Myntra,691,27,504,4.9,Fragrance-Free,Serum,Limited,Aloe Vera,Normal,Yes,Yes,Yes,Lancôme Advanced Génifique
1192,Nykaa,Nail Polish,Matte Nail Enamel,Sephora,308,35,200,4.3,Rosy Blush,Matte,In Stock,Vitamin C,Sensitive,No,Yes,Yes,Faces Canada Splash Nail Enamel
1193,Dior,Serum,Capture Totale Super Potent,Amazon,458,34,302,4.9,Fragrance-Free,Serum,Limited,Shea Butter,Combination,Yes,Yes,Yes,Lancôme Advanced Génifique
1194,Lakmé,Lipstick,Absolute Matte Lipstick,Amazon,765,6,719,4.5,Ruby Red,Matte,In Stock,Vitamin C,Oily,Yes,Yes,Yes,Maybelline Super Stay Matte Ink
1195,Faces Canada,Lipstick,Comfy Matte Lipstick,Myntra,409,11,364,4.4,Cherry Red,Matte,In Stock,Retinol,Sensitive,Yes,No,Yes,Nykaa So Matte Lipstick
1196,NARS,Blush,Orgasm Blush,Nykaa,916,30,641,4.7,Peach Pink,Powder,Limited,Retinol,Oily,Yes,Yes,Yes,MAC Powder Blush
1197,Swiss Beauty,Foundation,HD Matte Foundation,Nykaa,570,36,364,4.3,Beige,Liquid,In Stock,Hyaluronic Acid,Dry,Yes,Yes,Yes,Faces Canada Weightless Matte Foundation
1198,NARS,Blush,Orgasm Blush,Myntra,631,46,340,4.7,Peach Pink,Powder,Limited,Hyaluronic Acid,Sensitive,Yes,Yes,Yes,MAC Powder Blush
1199,Faces Canada,Lipstick,Comfy Matte Lipstick,Flipkart,844,34,557,4.4,Cherry Red,Matte,In Stock,Glycerin,Sensitive,Yes,No,Yes,Nykaa So Matte Lipstick
1200,Maybelline,Mascara,Colossal Waterproof Mascara,Flipkart,551,42,319,4.6,Black,Waterproof,In Stock,Aloe Vera,Normal,Yes,Yes,Yes,L'Oréal Paris Voluminous Mascara
1201,Nykaa,Nail Polish,Matte Nail Enamel,Myntra,869,14,747,4.3,Rosy Blush,Matte,In Stock,Glycerin,Oily,No,Yes,Yes,Faces Canada Splash Nail Enamel
1202,Maybelline,Mascara,Colossal Waterproof Mascara,Nykaa,482,38,298,4.6,Black,Waterproof,In Stock,Hyaluronic Acid,Normal,Yes,Yes,Yes,L'Oréal Paris Voluminous Mascara
1203,Swiss Beauty,Foundation,HD Matte Foundation,Flipkart,512,45,281,4.3,Beige,Liquid,In Stock,Niacinamide,Sensitive,Yes,Yes,Yes,Faces Canada Weightless Matte Foundation
1204,L'Oréal Paris,Serum,Revitalift Crystal Micro-Essence,Flipkart,979,30,685,4.6,Transparent,Essence,In Stock,Vitamin C,Sensitive,Yes,Yes,Yes,Olay Regenerist Serum
1205,Kay Beauty,Lip Crayon,Matte Lip Crayon,Flipkart,791,42,458,4.4,Carnation Nude,Matte,In Stock,Aloe Vera,Combination,Yes,Yes,Yes,MyGlamm Perfect Lip Crayon
1206,Olay,Moisturizer,Regenerist Micro-Sculpting Cream,Nykaa,472,18,387,4.5,Fragrance-Free,Cream,In Stock,Hyaluronic Acid,Normal,Yes,Yes,Yes,L'Oréal Paris Revitalift Cream
1207,Maybelline,Mascara,Colossal Waterproof Mascara,Myntra,621,46,335,4.6,Black,Waterproof,In Stock,Retinol,Dry,Yes,Yes,Yes,L'Oréal Paris Voluminous Mascara
1208,Olay,Moisturizer,Regenerist Micro-Sculpting Cream,Myntra,353,38,218,4.5,Fragrance-Free,Cream,In Stock,Retinol,Combination,Yes,Yes,Yes,L'Oréal Paris Revitalift Cream
1209,L'Oréal Paris,Serum,Revitalift Crystal Micro-Essence,Nykaa,525,22,409,4.6,Transparent,Essence,In Stock,Retinol,Normal,Yes,Yes,Yes,Olay Regenerist Serum
1210,Swiss Beauty,Foundation,HD Matte Foundation,Flipkart,274,38,169,4.3,Beige,Liquid,In Stock,Retinol,Combination,Yes,Yes,Yes,Faces Canada Weightless Matte Foundation
1211,Charlotte Tilbury,Foundation,Airbrush Flawless,Amazon,867,20,693,4.9,Neutral 5,Liquid,Limited,Hyaluronic Acid,Oily,Yes,Yes,Yes,Estée Lauder Double Wear
1212,MAC,Lipstick,Retro Matte Lipstick,Myntra,845,50,422,4.8,Ruby Woo,Matte,In Stock,Hyaluronic Acid,Oily,Yes,Yes,Yes,NARS Power Matte Lip Pigment
1213,MAC,Lipstick,Retro Matte Lipstick,Sephora,580,25,435,4.8,Ruby Woo,Matte,In Stock,Niacinamide,Sensitive,Yes,Yes,Yes,NARS Power Matte Lip Pigment
1214,Huda Beauty,Lipstick,Power Bullet Matte,Nykaa,649,31,447,4.8,Icon,Matte,In Stock,Retinol,Normal,Yes,Yes,Yes,Fenty Beauty Stunna Lip Paint
1215,Faces Canada,Lipstick,Comfy Matte Lipstick,Nykaa,420,9,382,4.4,Cherry Red,Matte,In Stock,Glycerin,Sensitive,Yes,No,Yes,Nykaa So Matte Lipstick
1216,NARS,Blush,Orgasm Blush,Myntra,780,27,569,4.7,Peach Pink,Powder,Limited,Aloe Vera,Normal,Yes,Yes,Yes,MAC Powder Blush
1217,Lakmé,Lipstick,Absolute Matte Lipstick,Nykaa,955,40,573,4.5,Ruby Red,Matte,In Stock,Glycerin,Normal,Yes,Yes,Yes,Maybelline Super Stay Matte Ink
1218,Dior,Serum,Capture Totale Super Potent,Sephora,946,29,671,4.9,Fragrance-Free,Serum,Limited,Shea Butter,Normal,Yes,Yes,Yes,Lancôme Advanced Génifique
1219,Maybelline,Mascara,Colossal Waterproof Mascara,Sephora,596,36,381,4.6,Black,Waterproof,In Stock,Glycerin,Oily,Yes,Yes,Yes,L'Oréal Paris Voluminous Mascara
1220,L'Oréal Paris,Serum,Revitalift Crystal Micro-Essence,Nykaa,653,37,411,4.6,Transparent,Essence,In Stock,Shea Butter,Combination,Yes,Yes,Yes,Olay Regenerist Serum
1221,Mars,Eyeshadow,Mars 12-Color Palette,Flipkart,503,33,337,4.2,Smokey Tones,Powder,In Stock,Retinol,Normal,No,Yes,Yes,Swiss Beauty Ultimate Eyeshadow
1222,Faces Canada,Lipstick,Comfy Matte Lipstick,Amazon,627,31,432,4.4,Cherry Red,Matte,In Stock,Niacinamide,Combination,Yes,No,Yes,Nykaa So Matte Lipstick
1223,Faces Canada,Lipstick,Comfy Matte Lipstick,Sephora,274,18,224,4.4,Cherry Red,Matte,In Stock,Hyaluronic Acid,Oily,Yes,No,Yes,Nykaa So Matte Lipstick
1224,Maybelline,Mascara,Colossal Waterproof Mascara,Myntra,393,36,251,4.6,Black,Waterproof,In Stock,Retinol,Sensitive,Yes,Yes,Yes,L'Oréal Paris Voluminous Mascara
1225,Charlotte Tilbury,Foundation,Airbrush Flawless,Flipkart,653,49,333,4.9,Neutral 5,Liquid,Limited,Niacinamide,Oily,Yes,Yes,Yes,Estée Lauder Double Wear
1226,Maybelline,Mascara,Colossal Waterproof Mascara,Flipkart,847,19,686,4.6,Black,Waterproof,In Stock,Glycerin,Combination,Yes,Yes,Yes,L'Oréal Paris Voluminous Mascara
1227,Charlotte Tilbury,Foundation,Airbrush Flawless,Amazon,470,23,361,4.9,Neutral 5,Liquid,Limited,Hyaluronic Acid,Dry,Yes,Yes,Yes,Estée Lauder Double Wear
1228,Mars,Eyeshadow,Mars 12-Color Palette,Nykaa,921,47,488,4.2,Smokey Tones,Powder,In Stock,Aloe Vera,Sensitive,No,Yes,Yes,Swiss Beauty Ultimate Eyeshadow
1229,Lakmé,Lipstick,Absolute Matte Lipstick,Flipkart,502,42,291,4.5,Ruby Red,Matte,In Stock,Hyaluronic Acid,Dry,Yes,Yes,Yes,Maybelline Super Stay Matte Ink
1230,Kay Beauty,Lip Crayon,Matte Lip Crayon,Sephora,550,7,511,4.4,Carnation Nude,Matte,In Stock,Vitamin C,Oily,Yes,Yes,Yes,MyGlamm Perfect Lip Crayon
1231,Clinique,Moisturizer,Moisture Surge 100H,Nykaa,953,24,724,4.7,Fragrance-Free,Gel,In Stock,Retinol,Normal,Yes,Yes,Yes,Neutrogena Hydro Boost Gel
1232,Kay Beauty,Lip Crayon,Matte Lip Crayon,Flipkart,975,38,604,4.4,Carnation Nude,Matte,In Stock,Glycerin,Normal,Yes,Yes,Yes,MyGlamm Perfect Lip Crayon
1233,MyGlamm,Concealer,Total Makeover Concealer,Amazon,288,31,198,4.2,Almond,Liquid,In Stock,Retinol,Combination,No,Yes,Yes,Maybelline Fit Me Concealer
1234,Mars,Eyeshadow,Mars 12-Color Palette,Flipkart,398,30,278,4.2,Smokey Tones,Powder,In Stock,Aloe Vera,Dry,No,Yes,Yes,Swiss Beauty Ultimate Eyeshadow
1235,Faces Canada,Lipstick,Comfy Matte Lipstick,Amazon,263,9,239,4.4,Cherry Red,Matte,In Stock,Vitamin C,Oily,Yes,No,Yes,Nykaa So Matte Lipstick
1236,Dior,Serum,Capture Totale Super Potent,Flipkart,670,25,502,4.9,Fragrance-Free,Serum,Limited,Retinol,Combination,Yes,Yes,Yes,Lancôme Advanced Génifique
1237,Revlon,Nail Polish,ColorStay Gel Envy,Flipkart,323,50,161,4.3,Hot Pink,Gel,In Stock,Vitamin C,Dry,No,Yes,Yes,Sally Hansen Miracle Gel
1238,NARS,Blush,Orgasm Blush,Amazon,510,10,459,4.7,Peach Pink,Powder,Limited,Vitamin C,Combination,Yes,Yes,Yes,MAC Powder Blush
1239,Nykaa,Nail Polish,Matte Nail Enamel,Sephora,919,47,487,4.3,Rosy Blush,Matte,In Stock,Shea Butter,Normal,No,Yes,Yes,Faces Canada Splash Nail Enamel
1240,MyGlamm,Concealer,Total Makeover Concealer,Myntra,410,8,377,4.2,Almond,Liquid,In Stock,Aloe Vera,Normal,No,Yes,Yes,Maybelline Fit Me Concealer
1241,Lakmé,Lipstick,Absolute Matte Lipstick,Sephora,512,6,481,4.5,Ruby Red,Matte,In Stock,Vitamin C,Normal,Yes,Yes,Yes,Maybelline Super Stay Matte Ink
1242,MAC,Lipstick,Retro Matte Lipstick,Myntra,572,23,440,4.8,Ruby Woo,Matte,In Stock,Glycerin,Combination,Yes,Yes,Yes,NARS Power Matte Lip Pigment
1243,L'Oréal Paris,Serum,Revitalift Crystal Micro-Essence,Nykaa,383,6,360,4.6,Transparent,Essence,In Stock,Niacinamide,Dry,Yes,Yes,Yes,Olay Regenerist Serum
1244,Nykaa,Nail Polish,Matte Nail Enamel,Nykaa,264,18,216,4.3,Rosy Blush,Matte,In Stock,Shea Butter,Normal,No,Yes,Yes,Faces Canada Splash Nail Enamel
1245,Mars,Eyeshadow,Mars 12-Color Palette,Amazon,337,50,168,4.2,Smokey Tones,Powder,In Stock,Glycerin,Combination,No,Yes,Yes,Swiss Beauty Ultimate Eyeshadow
1246,Olay,Moisturizer,Regenerist Micro-Sculpting Cream,Amazon,374,34,246,4.5,Fragrance-Free,Cream,In Stock,Hyaluronic Acid,Normal,Yes,Yes,Yes,L'Oréal Paris Revitalift Cream
1247,Kay Beauty,Lip Crayon,Matte Lip Crayon,Flipkart,402,48,209,4.4,Carnation Nude,Matte,In Stock,Retinol,Sensitive,Yes,Yes,Yes,MyGlamm Perfect Lip Crayon
1248,L'Oréal Paris,Serum,Revitalift Crystal Micro-Essence,Amazon,685,24,520,4.6,Transparent,Essence,In Stock,Glycerin,Combination,Yes,Yes,Yes,Olay Regenerist Serum
1249,Dior,Serum,Capture Totale Super Potent,Flipkart,707,11,629,4.9,Fragrance-Free,Serum,Limited,Vitamin C,Sensitive,Yes,Yes,Yes,Lancôme Advanced Génifique
1250,Maybelline,Mascara,Colossal Waterproof Mascara,Myntra,536,24,407,4.6,Black,Waterproof,In Stock,Glycerin,Combination,Yes,Yes,Yes,L'Oréal Paris Voluminous Mascara
1251,MAC,Lipstick,Retro Matte Lipstick,Myntra,471,36,301,4.8,Ruby Woo,Matte,In Stock,Niacinamide,Sensitive,Yes,Yes,Yes,NARS Power Matte Lip Pigment
1252,Mars,Eyeshadow,Mars 12-Color Palette,Myntra,859,38,532,4.2,Smokey Tones,Powder,In Stock,Vitamin C,Sensitive,No,Yes,Yes,Swiss Beauty Ultimate Eyeshadow
1253,Huda Beauty,Lipstick,Power Bullet Matte,Nykaa,312,48,162,4.8,Icon,Matte,In Stock,Glycerin,Sensitive,Yes,Yes,Yes,Fenty Beauty Stunna Lip Paint
1254,Olay,Moisturizer,Regenerist Micro-Sculpting Cream,Sephora,285,27,208,4.5,Fragrance-Free,Cream,In Stock,Niacinamide,Oily,Yes,Yes,Yes,L'Oréal Paris Revitalift Cream
1255,Charlotte Tilbury,Foundation,Airbrush Flawless,Flipkart,927,14,797,4.9,Neutral 5,Liquid,Limited,Aloe Vera,Sensitive,Yes,Yes,Yes,Estée Lauder Double Wear
1256,Faces Canada,Lipstick,Comfy Matte Lipstick,Amazon,373,43,212,4.4,Cherry Red,Matte,In Stock,Glycerin,Normal,Yes,No,Yes,Nykaa So Matte Lipstick
1257,MyGlamm,Concealer,Total Makeover Concealer,Amazon,753,38,466,4.2,Almond,Liquid,In Stock,Glycerin,Combination,No,Yes,Yes,Maybelline Fit Me Concealer
1258,Mars,Eyeshadow,Mars 12-Color Palette,Flipkart,868,40,520,4.2,Smokey Tones,Powder,In Stock,Shea Butter,Normal,No,Yes,Yes,Swiss Beauty Ultimate Eyeshadow
1259,Olay,Moisturizer,Regenerist Micro-Sculpting Cream,Myntra,477,17,395,4.5,Fragrance-Free,Cream,In Stock,Retinol,Dry,Yes,Yes,Yes,L'Oréal Paris Revitalift Cream
1260,Swiss Beauty,Foundation,HD Matte Foundation,Flipkart,918,25,688,4.3,Beige,Liquid,In Stock,Shea Butter,Combination,Yes,Yes,Yes,Faces Canada Weightless Matte Foundation
1261,Charlotte Tilbury,Foundation,Airbrush Flawless,Nykaa,538,29,381,4.9,Neutral 5,Liquid,Limited,Vitamin C,Combination,Yes,Yes,Yes,Estée Lauder Double Wear
1262,L'Oréal Paris,Serum,Revitalift Crystal Micro-Essence,Amazon,760,34,501,4.6,Transparent,Essence,In Stock,Aloe Vera,Oily,Yes,Yes,Yes,Olay Regenerist Serum
1263,Faces Canada,Lipstick,Comfy Matte Lipstick,Sephora,471,39,287,4.4,Cherry Red,Matte,In Stock,Aloe Vera,Oily,Yes,No,Yes,Nykaa So Matte Lipstick
1264,Revlon,Nail Polish,ColorStay Gel Envy,Amazon,729,21,575,4.3,Hot Pink,Gel,In Stock,Aloe Vera,Combination,No,Yes,Yes,Sally Hansen Miracle Gel
1265,L'Oréal Paris,Serum,Revitalift Crystal Micro-Essence,Flipkart,485,13,421,4.6,Transparent,Essence,In Stock,Shea Butter,Normal,Yes,Yes,Yes,Olay Regenerist Serum
1266,Faces Canada,Lipstick,Comfy Matte Lipstick,Myntra,316,18,259,4.4,Cherry Red,Matte,In Stock,Vitamin C,Oily,Yes,No,Yes,Nykaa So Matte Lipstick
1267,Charlotte Tilbury,Foundation,Airbrush Flawless,Sephora,313,34,206,4.9,Neutral 5,Liquid,Limited,Niacinamide,Dry,Yes,Yes,Yes,Estée Lauder Double Wear
1268,Maybelline,Mascara,Colossal Waterproof Mascara,Amazon,782,29,555,4.6,Black,Waterproof,In Stock,Vitamin C,Combination,Yes,Yes,Yes,L'Oréal Paris Voluminous Mascara
1269,Clinique,Moisturizer,Moisture Surge 100H,Amazon,465,37,292,4.7,Fragrance-Free,Gel,In Stock,Hyaluronic Acid,Oily,Yes,Yes,Yes,Neutrogena Hydro Boost Gel
1270,Dior,Serum,Capture Totale Super Potent,Sephora,633,8,582,4.9,Fragrance-Free,Serum,Limited,Aloe Vera,Dry,Yes,Yes,Yes,Lancôme Advanced Génifique
1271,Charlotte Tilbury,Foundation,Airbrush Flawless,Flipkart,490,11,436,4.9,Neutral 5,Liquid,Limited,Shea Butter,Sensitive,Yes,Yes,Yes,Estée Lauder Double Wear
1272,Clinique,Moisturizer,Moisture Surge 100H,Sephora,559,31,385,4.7,Fragrance-Free,Gel,In Stock,Hyaluronic Acid,Sensitive,Yes,Yes,Yes,Neutrogena Hydro Boost Gel
1273,Clinique,Moisturizer,Moisture Surge 100H,Flipkart,832,7,773,4.7,Fragrance-Free,Gel,In Stock,Niacinamide,Normal,Yes,Yes,Yes,Neutrogena Hydro Boost Gel
1274,Kay Beauty,Lip Crayon,Matte Lip Crayon,Flipkart,349,26,258,4.4,Carnation Nude,Matte,In Stock,Shea Butter,Sensitive,Yes,Yes,Yes,MyGlamm Perfect Lip Crayon
1275,Faces Canada,Lipstick,Comfy Matte Lipstick,Sephora,241,38,149,4.4,Cherry Red,Matte,In Stock,Hyaluronic Acid,Dry,Yes,No,Yes,Nykaa So Matte Lipstick
1276,Mars,Eyeshadow,Mars 12-Color Palette,Flipkart,643,30,450,4.2,Smokey Tones,Powder,In Stock,Vitamin C,Dry,No,Yes,Yes,Swiss Beauty Ultimate Eyeshadow
1277,MyGlamm,Concealer,Total Makeover Concealer,Sephora,233,43,132,4.2,Almond,Liquid,In Stock,Glycerin,Normal,No,Yes,Yes,Maybelline Fit Me Concealer
1278,Huda Beauty,Lipstick,Power Bullet Matte,Nykaa,947,42,549,4.8,Icon,Matte,In Stock,Vitamin C,Oily,Yes,Yes,Yes,Fenty Beauty Stunna Lip Paint
1279,Maybelline,Mascara,Colossal Waterproof Mascara,Myntra,551,45,303,4.6,Black,Waterproof,In Stock,Aloe Vera,Sensitive,Yes,Yes,Yes,L'Oréal Paris Voluminous Mascara
1280,Mars,Eyeshadow,Mars 12-Color Palette,Sephora,530,27,386,4.2,Smokey Tones,Powder,In Stock,Hyaluronic Acid,Dry,No,Yes,Yes,Swiss Beauty Ultimate Eyeshadow
1281,MyGlamm,Concealer,Total Makeover Concealer,Flipkart,957,40,574,4.2,Almond,Liquid,In Stock,Vitamin C,Normal,No,Yes,Yes,Maybelline Fit Me Concealer
1282,Olay,Moisturizer,Regenerist Micro-Sculpting Cream,Nykaa,836,30,585,4.5,Fragrance-Free,Cream,In Stock,Hyaluronic Acid,Oily,Yes,Yes,Yes,L'Oréal Paris Revitalift Cream
1283,L'Oréal Paris,Serum,Revitalift Crystal Micro-Essence,Myntra,279,41,164,4.6,Transparent,Essence,In Stock,Aloe Vera,Sensitive,Yes,Yes,Yes,Olay Regenerist Serum
1284,Huda Beauty,Lipstick,Power Bullet Matte,Sephora,947,17,786,4.8,Icon,Matte,In Stock,Vitamin C,Combination,Yes,Yes,Yes,Fenty Beauty Stunna Lip Paint
1285,Maybelline,Mascara,Colossal Waterproof Mascara,Nykaa,416,38,257,4.6,Black,Waterproof,In Stock,Vitamin C,Dry,Yes,Yes,Yes,L'Oréal Paris Voluminous Mascara
1286,Olay,Moisturizer,Regenerist Micro-Sculpting Cream,Sephora,902,32,613,4.5,Fragrance-Free,Cream,In Stock,Shea Butter,Oily,Yes,Yes,Yes,L'Oréal Paris Revitalift Cream
1287,MAC,Lipstick,Retro Matte Lipstick,Sephora,684,9,622,4.8,Ruby Woo,Matte,In Stock,Vitamin C,Combination,Yes,Yes,Yes,NARS Power Matte Lip Pigment
1288,Lakmé,Lipstick,Absolute Matte Lipstick,Sephora,309,24,234,4.5,Ruby Red,Matte,In Stock,Niacinamide,Sensitive,Yes,Yes,Yes,Maybelline Super Stay Matte Ink
1289,MAC,Lipstick,Retro Matte Lipstick,Sephora,706,42,409,4.8,Ruby Woo,Matte,In Stock,Aloe Vera,Sensitive,Yes,Yes,Yes,NARS Power Matte Lip Pigment
1290,Swiss Beauty,Foundation,HD Matte Foundation,Sephora,451,5,428,4.3,Beige,Liquid,In Stock,Vitamin C,Combination,Yes,Yes,Yes,Faces Canada Weightless Matte Foundation
1291,Clinique,Moisturizer,Moisture Surge 100H,Nykaa,917,26,678,4.7,Fragrance-Free,Gel,In Stock,Shea Butter,Combination,Yes,Yes,Yes,Neutrogena Hydro Boost Gel
1292,NARS,Blush,Orgasm Blush,Flipkart,930,5,883,4.7,Peach Pink,Powder,Limited,Glycerin,Dry,Yes,Yes,Yes,MAC Powder Blush
1293,Swiss Beauty,Foundation,HD Matte Foundation,Flipkart,573,18,469,4.3,Beige,Liquid,In Stock,Hyaluronic Acid,Oily,Yes,Yes,Yes,Faces Canada Weightless Matte Foundation
1294,Huda Beauty,Lipstick,Power Bullet Matte,Sephora,959,38,594,4.8,Icon,Matte,In Stock,Retinol,Combination,Yes,Yes,Yes,Fenty Beauty Stunna Lip Paint
1295,Charlotte Tilbury,Foundation,Airbrush Flawless,Sephora,895,36,572,4.9,Neutral 5,Liquid,Limited,Vitamin C,Sensitive,Yes,Yes,Yes,Estée Lauder Double Wear
1296,Charlotte Tilbury,Foundation,Airbrush Flawless,Amazon,245,8,225,4.9,Neutral 5,Liquid,Limited,Hyaluronic Acid,Normal,Yes,Yes,Yes,Estée Lauder Double Wear
1297,Swiss Beauty,Foundation,HD Matte Foundation,Amazon,482,45,265,4.3,Beige,Liquid,In Stock,Vitamin C,Normal,Yes,Yes,Yes,Faces Canada Weightless Matte Foundation
1298,Dior,Serum,Capture Totale Super Potent,Myntra,805,29,571,4.9,Fragrance-Free,Serum,Limited,Retinol,Oily,Yes,Yes,Yes,Lancôme Advanced Génifique
1299,Swiss Beauty,Foundation,HD Matte Foundation,Nykaa,323,12,284,4.3,Beige,Liquid,In Stock,Shea Butter,Dry,Yes,Yes,Yes,Faces Canada Weightless Matte Foundation
1300,Huda Beauty,Lipstick,Power Bullet Matte,Nykaa,817,20,653,4.8,Icon,Matte,In Stock,Hyaluronic Acid,Dry,Yes,Yes,Yes,Fenty Beauty Stunna Lip Paint
1301,MAC,Lipstick,Retro Matte Lipstick,Myntra,794,45,436,4.8,Ruby Woo,Matte,In Stock,Retinol,Combination,Yes,Yes,Yes,NARS Power Matte Lip Pigment
1302,Maybelline,Mascara,Colossal Waterproof Mascara,Sephora,773,48,401,4.6,Black,Waterproof,In Stock,Shea Butter,Dry,Yes,Yes,Yes,L'Oréal Paris Voluminous Mascara
1303,NARS,Blush,Orgasm Blush,Nykaa,929,23,715,4.7,Peach Pink,Powder,Limited,Niacinamide,Sensitive,Yes,Yes,Yes,MAC Powder Blush
1304,Nykaa,Nail Polish,Matte Nail Enamel,Nykaa,487,37,306,4.3,Rosy Blush,Matte,In Stock,Aloe Vera,Combination,No,Yes,Yes,Faces Canada Splash Nail Enamel
1305,Charlotte Tilbury,Foundation,Airbrush Flawless,Nykaa,336,15,285,4.9,Neutral 5,Liquid,Limited,Retinol,Dry,Yes,Yes,Yes,Estée Lauder Double Wear
1306,Charlotte Tilbury,Foundation,Airbrush Flawless,Nykaa,432,20,345,4.9,Neutral 5,Liquid,Limited,Vitamin C,Sensitive,Yes,Yes,Yes,Estée Lauder Double Wear
1307,Maybelline,Mascara,Colossal Waterproof Mascara,Myntra,823,27,600,4.6,Black,Waterproof,In Stock,Shea Butter,Combination,Yes,Yes,Yes,L'Oréal Paris Voluminous Mascara
1308,Faces Canada,Lipstick,Comfy Matte Lipstick,Flipkart,439,28,316,4.4,Cherry Red,Matte,In Stock,Aloe Vera,Normal,Yes,No,Yes,Nykaa So Matte Lipstick
1309,Dior,Serum,Capture Totale Super Potent,Myntra,477,8,438,4.9,Fragrance-Free,Serum,Limited,Retinol,Sensitive,Yes,Yes,Yes,Lancôme Advanced Génifique
1310,Charlotte Tilbury,Foundation,Airbrush Flawless,Flipkart,328,46,177,4.9,Neutral 5,Liquid,Limited,Retinol,Combination,Yes,Yes,Yes,Estée Lauder Double Wear
1311,L'Oréal Paris,Serum,Revitalift Crystal Micro-Essence,Myntra,967,48,502,4.6,Transparent,Essence,In Stock,Niacinamide,Oily,Yes,Yes,Yes,Olay Regenerist Serum
1312,Huda Beauty,Lipstick,Power Bullet Matte,Amazon,970,12,853,4.8,Icon,Matte,In Stock,Glycerin,Normal,Yes,Yes,Yes,Fenty Beauty Stunna Lip Paint
1313,Huda Beauty,Lipstick,Power Bullet Matte,Amazon,331,25,248,4.8,Icon,Matte,In Stock,Glycerin,Combination,Yes,Yes,Yes,Fenty Beauty Stunna Lip Paint
1314,L'Oréal Paris,Serum,Revitalift Crystal Micro-Essence,Amazon,928,22,723,4.6,Transparent,Essence,In Stock,Niacinamide,Normal,Yes,Yes,Yes,Olay Regenerist Serum
1315,Revlon,Nail Polish,ColorStay Gel Envy,Flipkart,598,11,532,4.3,Hot Pink,Gel,In Stock,Shea Butter,Normal,No,Yes,Yes,Sally Hansen Miracle Gel
1316,Revlon,Nail Polish,ColorStay Gel Envy,Sephora,231,42,133,4.3,Hot Pink,Gel,In Stock,Aloe Vera,Dry,No,Yes,Yes,Sally Hansen Miracle Gel
1317,MAC,Lipstick,Retro Matte Lipstick,Sephora,394,20,315,4.8,Ruby Woo,Matte,In Stock,Shea Butter,Oily,Yes,Yes,Yes,NARS Power Matte Lip Pigment
1318,L'Oréal Paris,Serum,Revitalift Crystal Micro-Essence,Flipkart,480,25,360,4.6,Transparent,Essence,In Stock,Hyaluronic Acid,Normal,Yes,Yes,Yes,Olay Regenerist Serum
1319,MAC,Lipstick,Retro Matte Lipstick,Amazon,445,5,422,4.8,Ruby Woo,Matte,In Stock,Vitamin C,Normal,Yes,Yes,Yes,NARS Power Matte Lip Pigment
1320,Olay,Moisturizer,Regenerist Micro-Sculpting Cream,Myntra,331,36,211,4.5,Fragrance-Free,Cream,In Stock,Glycerin,Combination,Yes,Yes,Yes,L'Oréal Paris Revitalift Cream
1321,NARS,Blush,Orgasm Blush,Myntra,577,8,530,4.7,Peach Pink,Powder,Limited,Aloe Vera,Dry,Yes,Yes,Yes,MAC Powder Blush
1322,L'Oréal Paris,Serum,Revitalift Crystal Micro-Essence,Nykaa,938,26,694,4.6,Transparent,Essence,In Stock,Vitamin C,Oily,Yes,Yes,Yes,Olay Regenerist Serum
1323,Olay,Moisturizer,Regenerist Micro-Sculpting Cream,Amazon,786,49,400,4.5,Fragrance-Free,Cream,In Stock,Aloe Vera,Normal,Yes,Yes,Yes,L'Oréal Paris Revitalift Cream
1324,Kay Beauty,Lip Crayon,Matte Lip Crayon,Amazon,777,17,644,4.4,Carnation Nude,Matte,In Stock,Glycerin,Oily,Yes,Yes,Yes,MyGlamm Perfect Lip Crayon
1325,MAC,Lipstick,Retro Matte Lipstick,Nykaa,895,43,510,4.8,Ruby Woo,Matte,In Stock,Glycerin,Dry,Yes,Yes,Yes,NARS Power Matte Lip Pigment
1326,Faces Canada,Lipstick,Comfy Matte Lipstick,Sephora,375,35,243,4.4,Cherry Red,Matte,In Stock,Aloe Vera,Combination,Yes,No,Yes,Nykaa So Matte Lipstick
1327,Mars,Eyeshadow,Mars 12-Color Palette,Myntra,780,25,585,4.2,Smokey Tones,Powder,In Stock,Retinol,Sensitive,No,Yes,Yes,Swiss Beauty Ultimate Eyeshadow
1328,Dior,Serum,Capture Totale Super Potent,Amazon,888,46,479,4.9,Fragrance-Free,Serum,Limited,Niacinamide,Combination,Yes,Yes,Yes,Lancôme Advanced Génifique
1329,MAC,Lipstick,Retro Matte Lipstick,Amazon,919,15,781,4.8,Ruby Woo,Matte,In Stock,Vitamin C,Sensitive,Yes,Yes,Yes,NARS Power Matte Lip Pigment
1330,Clinique,Moisturizer,Moisture Surge 100H,Amazon,743,39,453,4.7,Fragrance-Free,Gel,In Stock,Hyaluronic Acid,Oily,Yes,Yes,Yes,Neutrogena Hydro Boost Gel
1331,MAC,Lipstick,Retro Matte Lipstick,Myntra,834,5,792,4.8,Ruby Woo,Matte,In Stock,Vitamin C,Oily,Yes,Yes,Yes,NARS Power Matte Lip Pigment
1332,Revlon,Nail Polish,ColorStay Gel Envy,Flipkart,594,16,498,4.3,Hot Pink,Gel,In Stock,Vitamin C,Sensitive,No,Yes,Yes,Sally Hansen Miracle Gel
1333,MyGlamm,Concealer,Total Makeover Concealer,Myntra,858,42,497,4.2,Almond,Liquid,In Stock,Aloe Vera,Sensitive,No,Yes,Yes,Maybelline Fit Me Concealer
1334,Lakmé,Lipstick,Absolute Matte Lipstick,Sephora,659,29,467,4.5,Ruby Red,Matte,In Stock,Shea Butter,Normal,Yes,Yes,Yes,Maybelline Super Stay Matte Ink
1335,Charlotte Tilbury,Foundation,Airbrush Flawless,Flipkart,290,5,275,4.9,Neutral 5,Liquid,Limited,Vitamin C,Sensitive,Yes,Yes,Yes,Estée Lauder Double Wear
1336,Huda Beauty,Lipstick,Power Bullet Matte,Amazon,668,36,427,4.8,Icon,Matte,In Stock,Shea Butter,Dry,Yes,Yes,Yes,Fenty Beauty Stunna Lip Paint
1337,MAC,Lipstick,Retro Matte Lipstick,Nykaa,681,47,360,4.8,Ruby Woo,Matte,In Stock,Hyaluronic Acid,Normal,Yes,Yes,Yes,NARS Power Matte Lip Pigment
1338,Swiss Beauty,Foundation,HD Matte Foundation,Amazon,279,29,198,4.3,Beige,Liquid,In Stock,Glycerin,Oily,Yes,Yes,Yes,Faces Canada Weightless Matte Foundation
1339,Huda Beauty,Lipstick,Power Bullet Matte,Sephora,718,45,394,4.8,Icon,Matte,In Stock,Vitamin C,Sensitive,Yes,Yes,Yes,Fenty Beauty Stunna Lip Paint
1340,L'Oréal Paris,Serum,Revitalift Crystal Micro-Essence,Flipkart,437,16,367,4.6,Transparent,Essence,In Stock,Shea Butter,Sensitive,Yes,Yes,Yes,Olay Regenerist Serum
1341,Revlon,Nail Polish,ColorStay Gel Envy,Nykaa,727,8,668,4.3,Hot Pink,Gel,In Stock,Aloe Vera,Oily,No,Yes,Yes,Sally Hansen Miracle Gel
1342,Faces Canada,Lipstick,Comfy Matte Lipstick,Myntra,708,14,608,4.4,Cherry Red,Matte,In Stock,Aloe Vera,Dry,Yes,No,Yes,Nykaa So Matte Lipstick
1343,Huda Beauty,Lipstick,Power Bullet Matte,Nykaa,619,40,371,4.8,Icon,Matte,In Stock,Glycerin,Combination,Yes,Yes,Yes,Fenty Beauty Stunna Lip Paint
1344,Faces Canada,Lipstick,Comfy Matte Lipstick,Sephora,674,48,350,4.4,Cherry Red,Matte,In Stock,Shea Butter,Sensitive,Yes,No,Yes,Nykaa So Matte Lipstick
1345,Olay,Moisturizer,Regenerist Micro-Sculpting Cream,Amazon,244,33,163,4.5,Fragrance-Free,Cream,In Stock,Hyaluronic Acid,Sensitive,Yes,Yes,Yes,L'Oréal Paris Revitalift Cream
1346,Nykaa,Nail Polish,Matte Nail Enamel,Amazon,287,27,209,4.3,Rosy Blush,Matte,In Stock,Shea Butter,Normal,No,Yes,Yes,Faces Canada Splash Nail Enamel
1347,Olay,Moisturizer,Regenerist Micro-Sculpting Cream,Nykaa,295,9,268,4.5,Fragrance-Free,Cream,In Stock,Shea Butter,Combination,Yes,Yes,Yes,L'Oréal Paris Revitalift Cream
1348,NARS,Blush,Orgasm Blush,Sephora,411,46,221,4.7,Peach Pink,Powder,Limited,Shea Butter,Sensitive,Yes,Yes,Yes,MAC Powder Blush
1349,Swiss Beauty,Foundation,HD Matte Foundation,Flipkart,610,16,512,4.3,Beige,Liquid,In Stock,Aloe Vera,Normal,Yes,Yes,Yes,Faces Canada Weightless Matte Foundation
1350,Huda Beauty,Lipstick,Power Bullet Matte,Myntra,334,32,227,4.8,Icon,Matte,In Stock,Niacinamide,Dry,Yes,Yes,Yes,Fenty Beauty Stunna Lip Paint
1351,Swiss Beauty,Foundation,HD Matte Foundation,Nykaa,347,34,229,4.3,Beige,Liquid,In Stock,Niacinamide,Sensitive,Yes,Yes,Yes,Faces Canada Weightless Matte Foundation
1352,L'Oréal Paris,Serum,Revitalift Crystal Micro-Essence,Myntra,615,22,479,4.6,Transparent,Essence,In Stock,Glycerin,Dry,Yes,Yes,Yes,Olay Regenerist Serum
1353,Mars,Eyeshadow,Mars 12-Color Palette,Myntra,313,45,172,4.2,Smokey Tones,Powder,In Stock,Aloe Vera,Normal,No,Yes,Yes,Swiss Beauty Ultimate Eyeshadow
1354,Maybelline,Mascara,Colossal Waterproof Mascara,Sephora,227,48,118,4.6,Black,Waterproof,In Stock,Hyaluronic Acid,Dry,Yes,Yes,Yes,L'Oréal Paris Voluminous Mascara
1355,NARS,Blush,Orgasm Blush,Nykaa,826,50,413,4.7,Peach Pink,Powder,Limited,Shea Butter,Normal,Yes,Yes,Yes,MAC Powder Blush
1356,Kay Beauty,Lip Crayon,Matte Lip Crayon,Amazon,609,21,481,4.4,Carnation Nude,Matte,In Stock,Retinol,Combination,Yes,Yes,Yes,MyGlamm Perfect Lip Crayon
1357,Dior,Serum,Capture Totale Super Potent,Amazon,419,11,372,4.9,Fragrance-Free,Serum,Limited,Retinol,Oily,Yes,Yes,Yes,Lancôme Advanced Génifique
1358,Dior,Serum,Capture Totale Super Potent,Flipkart,695,48,361,4.9,Fragrance-Free,Serum,Limited,Retinol,Oily,Yes,Yes,Yes,Lancôme Advanced Génifique
1359,Huda Beauty,Lipstick,Power Bullet Matte,Sephora,757,17,628,4.8,Icon,Matte,In Stock,Aloe Vera,Sensitive,Yes,Yes,Yes,Fenty Beauty Stunna Lip Paint
1360,MAC,Lipstick,Retro Matte Lipstick,Flipkart,793,50,396,4.8,Ruby Woo,Matte,In Stock,Retinol,Sensitive,Yes,Yes,Yes,NARS Power Matte Lip Pigment
1361,Clinique,Moisturizer,Moisture Surge 100H,Nykaa,735,26,543,4.7,Fragrance-Free,Gel,In Stock,Aloe Vera,Oily,Yes,Yes,Yes,Neutrogena Hydro Boost Gel
1362,Lakmé,Lipstick,Absolute Matte Lipstick,Myntra,217,7,201,4.5,Ruby Red,Matte,In Stock,Retinol,Oily,Yes,Yes,Yes,Maybelline Super Stay Matte Ink
1363,Dior,Serum,Capture Totale Super Potent,Flipkart,493,45,271,4.9,Fragrance-Free,Serum,Limited,Aloe Vera,Oily,Yes,Yes,Yes,Lancôme Advanced Génifique
1364,Maybelline,Mascara,Colossal Waterproof Mascara,Sephora,788,45,433,4.6,Black,Waterproof,In Stock,Glycerin,Dry,Yes,Yes,Yes,L'Oréal Paris Voluminous Mascara
1365,Maybelline,Mascara,Colossal Waterproof Mascara,Amazon,348,47,184,4.6,Black,Waterproof,In Stock,Retinol,Normal,Yes,Yes,Yes,L'Oréal Paris Voluminous Mascara
1366,Clinique,Moisturizer,Moisture Surge 100H,Nykaa,203,22,158,4.7,Fragrance-Free,Gel,In Stock,Niacinamide,Normal,Yes,Yes,Yes,Neutrogena Hydro Boost Gel
1367,Huda Beauty,Lipstick,Power Bullet Matte,Sephora,738,40,442,4.8,Icon,Matte,In Stock,Vitamin C,Dry,Yes,Yes,Yes,Fenty Beauty Stunna Lip Paint
1368,Olay,Moisturizer,Regenerist Micro-Sculpting Cream,Myntra,628,38,389,4.5,Fragrance-Free,Cream,In Stock,Hyaluronic Acid,Sensitive,Yes,Yes,Yes,L'Oréal Paris Revitalift Cream
1369,Huda Beauty,Lipstick,Power Bullet Matte,Sephora,889,28,640,4.8,Icon,Matte,In Stock,Retinol,Oily,Yes,Yes,Yes,Fenty Beauty Stunna Lip Paint
1370,Kay Beauty,Lip Crayon,Matte Lip Crayon,Sephora,217,12,190,4.4,Carnation Nude,Matte,In Stock,Aloe Vera,Dry,Yes,Yes,Yes,MyGlamm Perfect Lip Crayon
1371,Nykaa,Nail Polish,Matte Nail Enamel,Flipkart,487,38,301,4.3,Rosy Blush,Matte,In Stock,Niacinamide,Sensitive,No,Yes,Yes,Faces Canada Splash Nail Enamel
1372,Kay Beauty,Lip Crayon,Matte Lip Crayon,Nykaa,261,41,153,4.4,Carnation Nude,Matte,In Stock,Aloe Vera,Oily,Yes,Yes,Yes,MyGlamm Perfect Lip Crayon
1373,Huda Beauty,Lipstick,Power Bullet Matte,Myntra,331,36,211,4.8,Icon,Matte,In Stock,Retinol,Combination,Yes,Yes,Yes,Fenty Beauty Stunna Lip Paint
1374,L'Oréal Paris,Serum,Revitalift Crystal Micro-Essence,Flipkart,909,8,836,4.6,Transparent,Essence,In Stock,Vitamin C,Normal,Yes,Yes,Yes,Olay Regenerist Serum
1375,NARS,Blush,Orgasm Blush,Nykaa,770,31,531,4.7,Peach Pink,Powder,Limited,Niacinamide,Combination,Yes,Yes,Yes,MAC Powder Blush
1376,MAC,Lipstick,Retro Matte Lipstick,Myntra,561,21,443,4.8,Ruby Woo,Matte,In Stock,Niacinamide,Sensitive,Yes,Yes,Yes,NARS Power Matte Lip Pigment
1377,MyGlamm,Concealer,Total Makeover Concealer,Nykaa,605,7,562,4.2,Almond,Liquid,In Stock,Glycerin,Oily,No,Yes,Yes,Maybelline Fit Me Concealer
1378,Swiss Beauty,Foundation,HD Matte Foundation,Nykaa,329,16,276,4.3,Beige,Liquid,In Stock,Glycerin,Oily,Yes,Yes,Yes,Faces Canada Weightless Matte Foundation
1379,Charlotte Tilbury,Foundation,Airbrush Flawless,Sephora,230,28,165,4.9,Neutral 5,Liquid,Limited,Shea Butter,Combination,Yes,Yes,Yes,Estée Lauder Double Wear
1380,Maybelline,Mascara,Colossal Waterproof Mascara,Sephora,458,41,270,4.6,Black,Waterproof,In Stock,Glycerin,Dry,Yes,Yes,Yes,L'Oréal Paris Voluminous Mascara
1381,L'Oréal Paris,Serum,Revitalift Crystal Micro-Essence,Sephora,200,39,122,4.6,Transparent,Essence,In Stock,Hyaluronic Acid,Dry,Yes,Yes,Yes,Olay Regenerist Serum
1382,Swiss Beauty,Foundation,HD Matte Foundation,Myntra,730,49,372,4.3,Beige,Liquid,In Stock,Hyaluronic Acid,Oily,Yes,Yes,Yes,Faces Canada Weightless Matte Foundation
1383,Faces Canada,Lipstick,Comfy Matte Lipstick,Nykaa,926,6,870,4.4,Cherry Red,Matte,In Stock,Niacinamide,Sensitive,Yes,No,Yes,Nykaa So Matte Lipstick
1384,Mars,Eyeshadow,Mars 12-Color Palette,Nykaa,959,22,748,4.2,Smokey Tones,Powder,In Stock,Vitamin C,Normal,No,Yes,Yes,Swiss Beauty Ultimate Eyeshadow
1385,Swiss Beauty,Foundation,HD Matte Foundation,Myntra,460,18,377,4.3,Beige,Liquid,In Stock,Retinol,Combination,Yes,Yes,Yes,Faces Canada Weightless Matte Foundation
1386,NARS,Blush,Orgasm Blush,Myntra,953,42,552,4.7,Peach Pink,Powder,Limited,Niacinamide,Oily,Yes,Yes,Yes,MAC Powder Blush
1387,MAC,Lipstick,Retro Matte Lipstick,Sephora,376,43,214,4.8,Ruby Woo,Matte,In Stock,Retinol,Normal,Yes,Yes,Yes,NARS Power Matte Lip Pigment
1388,MyGlamm,Concealer,Total Makeover Concealer,Amazon,681,44,381,4.2,Almond,Liquid,In Stock,Shea Butter,Normal,No,Yes,Yes,Maybelline Fit Me Concealer
1389,NARS,Blush,Orgasm Blush,Nykaa,956,45,525,4.7,Peach Pink,Powder,Limited,Aloe Vera,Combination,Yes,Yes,Yes,MAC Powder Blush
1390,MAC,Lipstick,Retro Matte Lipstick,Flipkart,731,39,445,4.8,Ruby Woo,Matte,In Stock,Glycerin,Combination,Yes,Yes,Yes,NARS Power Matte Lip Pigment
1391,Dior,Serum,Capture Totale Super Potent,Sephora,839,33,562,4.9,Fragrance-Free,Serum,Limited,Shea Butter,Sensitive,Yes,Yes,Yes,Lancôme Advanced Génifique
1392,Faces Canada,Lipstick,Comfy Matte Lipstick,Nykaa,958,46,517,4.4,Cherry Red,Matte,In Stock,Aloe Vera,Combination,Yes,No,Yes,Nykaa So Matte Lipstick
1393,Faces Canada,Lipstick,Comfy Matte Lipstick,Myntra,735,24,558,4.4,Cherry Red,Matte,In Stock,Hyaluronic Acid,Combination,Yes,No,Yes,Nykaa So Matte Lipstick
1394,Nykaa,Nail Polish,Matte Nail Enamel,Myntra,999,28,719,4.3,Rosy Blush,Matte,In Stock,Retinol,Sensitive,No,Yes,Yes,Faces Canada Splash Nail Enamel
1395,Swiss Beauty,Foundation,HD Matte Foundation,Amazon,625,49,318,4.3,Beige,Liquid,In Stock,Aloe Vera,Normal,Yes,Yes,Yes,Faces Canada Weightless Matte Foundation
1396,MAC,Lipstick,Retro Matte Lipstick,Sephora,874,9,795,4.8,Ruby Woo,Matte,In Stock,Shea Butter,Oily,Yes,Yes,Yes,NARS Power Matte Lip Pigment
1397,NARS,Blush,Orgasm Blush,Myntra,787,14,676,4.7,Peach Pink,Powder,Limited,Retinol,Sensitive,Yes,Yes,Yes,MAC Powder Blush
1398,Maybelline,Mascara,Colossal Waterproof Mascara,Sephora,807,30,564,4.6,Black,Waterproof,In Stock,Shea Butter,Combination,Yes,Yes,Yes,L'Oréal Paris Voluminous Mascara
1399,Kay Beauty,Lip Crayon,Matte Lip Crayon,Flipkart,1000,17,830,4.4,Carnation Nude,Matte,In Stock,Aloe Vera,Dry,Yes,Yes,Yes,MyGlamm Perfect Lip Crayon
1400,Maybelline,Mascara,Colossal Waterproof Mascara,Nykaa,452,13,393,4.6,Black,Waterproof,In Stock,Hyaluronic Acid,Combination,Yes,Yes,Yes,L'Oréal Paris Voluminous Mascara
1401,Dior,Serum,Capture Totale Super Potent,Sephora,571,45,314,4.9,Fragrance-Free,Serum,Limited,Shea Butter,Sensitive,Yes,Yes,Yes,Lancôme Advanced Génifique
1402,Kay Beauty,Lip Crayon,Matte Lip Crayon,Sephora,430,41,253,4.4,Carnation Nude,Matte,In Stock,Niacinamide,Dry,Yes,Yes,Yes,MyGlamm Perfect Lip Crayon
1403,Huda Beauty,Lipstick,Power Bullet Matte,Amazon,294,28,211,4.8,Icon,Matte,In Stock,Retinol,Sensitive,Yes,Yes,Yes,Fenty Beauty Stunna Lip Paint
1404,NARS,Blush,Orgasm Blush,Nykaa,690,14,593,4.7,Peach Pink,Powder,Limited,Glycerin,Sensitive,Yes,Yes,Yes,MAC Powder Blush
1405,Revlon,Nail Polish,ColorStay Gel Envy,Amazon,371,28,267,4.3,Hot Pink,Gel,In Stock,Niacinamide,Oily,No,Yes,Yes,Sally Hansen Miracle Gel
1406,Lakmé,Lipstick,Absolute Matte Lipstick,Myntra,378,46,204,4.5,Ruby Red,Matte,In Stock,Vitamin C,Normal,Yes,Yes,Yes,Maybelline Super Stay Matte Ink
1407,Charlotte Tilbury,Foundation,Airbrush Flawless,Sephora,246,36,157,4.9,Neutral 5,Liquid,Limited,Glycerin,Combination,Yes,Yes,Yes,Estée Lauder Double Wear
1408,Mars,Eyeshadow,Mars 12-Color Palette,Flipkart,250,30,175,4.2,Smokey Tones,Powder,In Stock,Hyaluronic Acid,Sensitive,No,Yes,Yes,Swiss Beauty Ultimate Eyeshadow
1409,Olay,Moisturizer,Regenerist Micro-Sculpting Cream,Flipkart,888,11,790,4.5,Fragrance-Free,Cream,In Stock,Retinol,Combination,Yes,Yes,Yes,L'Oréal Paris Revitalift Cream
1410,Dior,Serum,Capture Totale Super Potent,Myntra,562,49,286,4.9,Fragrance-Free,Serum,Limited,Glycerin,Combination,Yes,Yes,Yes,Lancôme Advanced Génifique
1411,Dior,Serum,Capture Totale Super Potent,Flipkart,935,41,551,4.9,Fragrance-Free,Serum,Limited,Aloe Vera,Oily,Yes,Yes,Yes,Lancôme Advanced Génifique
1412,MAC,Lipstick,Retro Matte Lipstick,Amazon,704,47,373,4.8,Ruby Woo,Matte,In Stock,Aloe Vera,Oily,Yes,Yes,Yes,NARS Power Matte Lip Pigment
1413,MyGlamm,Concealer,Total Makeover Concealer,Flipkart,302,21,238,4.2,Almond,Liquid,In Stock,Hyaluronic Acid,Oily,No,Yes,Yes,Maybelline Fit Me Concealer
1414,Faces Canada,Lipstick,Comfy Matte Lipstick,Flipkart,924,26,683,4.4,Cherry Red,Matte,In Stock,Vitamin C,Combination,Yes,No,Yes,Nykaa So Matte Lipstick
1415,L'Oréal Paris,Serum,Revitalift Crystal Micro-Essence,Flipkart,628,43,357,4.6,Transparent,Essence,In Stock,Glycerin,Dry,Yes,Yes,Yes,Olay Regenerist Serum
1416,Lakmé,Lipstick,Absolute Matte Lipstick,Sephora,369,15,313,4.5,Ruby Red,Matte,In Stock,Shea Butter,Sensitive,Yes,Yes,Yes,Maybelline Super Stay Matte Ink
1417,Lakmé,Lipstick,Absolute Matte Lipstick,Myntra,660,37,415,4.5,Ruby Red,Matte,In Stock,Aloe Vera,Combination,Yes,Yes,Yes,Maybelline Super Stay Matte Ink
1418,Olay,Moisturizer,Regenerist Micro-Sculpting Cream,Myntra,959,47,508,4.5,Fragrance-Free,Cream,In Stock,Hyaluronic Acid,Combination,Yes,Yes,Yes,L'Oréal Paris Revitalift Cream
1419,Mars,Eyeshadow,Mars 12-Color Palette,Flipkart,910,43,518,4.2,Smokey Tones,Powder,In Stock,Glycerin,Oily,No,Yes,Yes,Swiss Beauty Ultimate Eyeshadow
1420,Swiss Beauty,Foundation,HD Matte Foundation,Myntra,764,7,710,4.3,Beige,Liquid,In Stock,Vitamin C,Normal,Yes,Yes,Yes,Faces Canada Weightless Matte Foundation
1421,Dior,Serum,Capture Totale Super Potent,Sephora,686,13,596,4.9,Fragrance-Free,Serum,Limited,Aloe Vera,Combination,Yes,Yes,Yes,Lancôme Advanced Génifique
1422,Charlotte Tilbury,Foundation,Airbrush Flawless,Sephora,916,42,531,4.9,Neutral 5,Liquid,Limited,Glycerin,Sensitive,Yes,Yes,Yes,Estée Lauder Double Wear
1423,Faces Canada,Lipstick,Comfy Matte Lipstick,Nykaa,836,14,718,4.4,Cherry Red,Matte,In Stock,Niacinamide,Combination,Yes,No,Yes,Nykaa So Matte Lipstick
1424,NARS,Blush,Orgasm Blush,Amazon,300,10,270,4.7,Peach Pink,Powder,Limited,Aloe Vera,Dry,Yes,Yes,Yes,MAC Powder Blush
1425,NARS,Blush,Orgasm Blush,Amazon,418,9,380,4.7,Peach Pink,Powder,Limited,Aloe Vera,Sensitive,Yes,Yes,Yes,MAC Powder Blush
1426,Nykaa,Nail Polish,Matte Nail Enamel,Amazon,514,39,313,4.3,Rosy Blush,Matte,In Stock,Vitamin C,Oily,No,Yes,Yes,Faces Canada Splash Nail Enamel
1427,Clinique,Moisturizer,Moisture Surge 100H,Nykaa,743,39,453,4.7,Fragrance-Free,Gel,In Stock,Retinol,Combination,Yes,Yes,Yes,Neutrogena Hydro Boost Gel
1428,Revlon,Nail Polish,ColorStay Gel Envy,Amazon,592,9,538,4.3,Hot Pink,Gel,In Stock,Hyaluronic Acid,Combination,No,Yes,Yes,Sally Hansen Miracle Gel
1429,MAC,Lipstick,Retro Matte Lipstick,Flipkart,620,24,471,4.8,Ruby Woo,Matte,In Stock,Shea Butter,Dry,Yes,Yes,Yes,NARS Power Matte Lip Pigment
1430,Clinique,Moisturizer,Moisture Surge 100H,Myntra,968,42,561,4.7,Fragrance-Free,Gel,In Stock,Shea Butter,Oily,Yes,Yes,Yes,Neutrogena Hydro Boost Gel
1431,Nykaa,Nail Polish,Matte Nail Enamel,Sephora,902,28,649,4.3,Rosy Blush,Matte,In Stock,Aloe Vera,Dry,No,Yes,Yes,Faces Canada Splash Nail Enamel
1432,Kay Beauty,Lip Crayon,Matte Lip Crayon,Sephora,451,44,252,4.4,Carnation Nude,Matte,In Stock,Shea Butter,Normal,Yes,Yes,Yes,MyGlamm Perfect Lip Crayon
1433,Swiss Beauty,Foundation,HD Matte Foundation,Amazon,294,23,226,4.3,Beige,Liquid,In Stock,Retinol,Combination,Yes,Yes,Yes,Faces Canada Weightless Matte Foundation
1434,Olay,Moisturizer,Regenerist Micro-Sculpting Cream,Amazon,632,50,316,4.5,Fragrance-Free,Cream,In Stock,Shea Butter,Oily,Yes,Yes,Yes,L'Oréal Paris Revitalift Cream
1435,Revlon,Nail Polish,ColorStay Gel Envy,Sephora,852,12,749,4.3,Hot Pink,Gel,In Stock,Aloe Vera,Combination,No,Yes,Yes,Sally Hansen Miracle Gel
1436,MyGlamm,Concealer,Total Makeover Concealer,Nykaa,299,21,236,4.2,Almond,Liquid,In Stock,Aloe Vera,Dry,No,Yes,Yes,Maybelline Fit Me Concealer
1437,Clinique,Moisturizer,Moisture Surge 100H,Myntra,423,29,300,4.7,Fragrance-Free,Gel,In Stock,Hyaluronic Acid,Sensitive,Yes,Yes,Yes,Neutrogena Hydro Boost Gel
1438,Clinique,Moisturizer,Moisture Surge 100H,Myntra,512,31,353,4.7,Fragrance-Free,Gel,In Stock,Niacinamide,Dry,Yes,Yes,Yes,Neutrogena Hydro Boost Gel
1439,Swiss Beauty,Foundation,HD Matte Foundation,Sephora,269,24,204,4.3,Beige,Liquid,In Stock,Retinol,Normal,Yes,Yes,Yes,Faces Canada Weightless Matte Foundation
1440,Clinique,Moisturizer,Moisture Surge 100H,Sephora,745,16,625,4.7,Fragrance-Free,Gel,In Stock,Shea Butter,Sensitive,Yes,Yes,Yes,Neutrogena Hydro Boost Gel
1441,Lakmé,Lipstick,Absolute Matte Lipstick,Amazon,300,37,189,4.5,Ruby Red,Matte,In Stock,Retinol,Sensitive,Yes,Yes,Yes,Maybelline Super Stay Matte Ink
1442,Charlotte Tilbury,Foundation,Airbrush Flawless,Nykaa,835,40,501,4.9,Neutral 5,Liquid,Limited,Glycerin,Combination,Yes,Yes,Yes,Estée Lauder Double Wear
1443,NARS,Blush,Orgasm Blush,Amazon,720,35,468,4.7,Peach Pink,Powder,Limited,Shea Butter,Combination,Yes,Yes,Yes,MAC Powder Blush
1444,Swiss Beauty,Foundation,HD Matte Foundation,Sephora,405,29,287,4.3,Beige,Liquid,In Stock,Aloe Vera,Sensitive,Yes,Yes,Yes,Faces Canada Weightless Matte Foundation
1445,Faces Canada,Lipstick,Comfy Matte Lipstick,Sephora,724,35,470,4.4,Cherry Red,Matte,In Stock,Shea Butter,Dry,Yes,No,Yes,Nykaa So Matte Lipstick
1446,Swiss Beauty,Foundation,HD Matte Foundation,Myntra,710,31,489,4.3,Beige,Liquid,In Stock,Niacinamide,Sensitive,Yes,Yes,Yes,Faces Canada Weightless Matte Foundation
1447,MyGlamm,Concealer,Total Makeover Concealer,Flipkart,736,6,691,4.2,Almond,Liquid,In Stock,Niacinamide,Oily,No,Yes,Yes,Maybelline Fit Me Concealer
1448,Nykaa,Nail Polish,Matte Nail Enamel,Amazon,291,23,224,4.3,Rosy Blush,Matte,In Stock,Shea Butter,Oily,No,Yes,Yes,Faces Canada Splash Nail Enamel
1449,NARS,Blush,Orgasm Blush,Amazon,731,38,453,4.7,Peach Pink,Powder,Limited,Aloe Vera,Combination,Yes,Yes,Yes,MAC Powder Blush
1450,Huda Beauty,Lipstick,Power Bullet Matte,Myntra,766,22,597,4.8,Icon,Matte,In Stock,Shea Butter,Sensitive,Yes,Yes,Yes,Fenty Beauty Stunna Lip Paint
1451,Mars,Eyeshadow,Mars 12-Color Palette,Myntra,411,19,332,4.2,Smokey Tones,Powder,In Stock,Aloe Vera,Normal,No,Yes,Yes,Swiss Beauty Ultimate Eyeshadow
1452,Lakmé,Lipstick,Absolute Matte Lipstick,Nykaa,650,48,338,4.5,Ruby Red,Matte,In Stock,Shea Butter,Combination,Yes,Yes,Yes,Maybelline Super Stay Matte Ink
1453,Olay,Moisturizer,Regenerist Micro-Sculpting Cream,Myntra,439,29,311,4.5,Fragrance-Free,Cream,In Stock,Shea Butter,Combination,Yes,Yes,Yes,L'Oréal Paris Revitalift Cream
1454,Nykaa,Nail Polish,Matte Nail Enamel,Amazon,850,42,493,4.3,Rosy Blush,Matte,In Stock,Shea Butter,Oily,No,Yes,Yes,Faces Canada Splash Nail Enamel
1455,Revlon,Nail Polish,ColorStay Gel Envy,Myntra,615,37,387,4.3,Hot Pink,Gel,In Stock,Shea Butter,Sensitive,No,Yes,Yes,Sally Hansen Miracle Gel
1456,L'Oréal Paris,Serum,Revitalift Crystal Micro-Essence,Flipkart,590,43,336,4.6,Transparent,Essence,In Stock,Hyaluronic Acid,Dry,Yes,Yes,Yes,Olay Regenerist Serum
1457,Revlon,Nail Polish,ColorStay Gel Envy,Flipkart,233,39,142,4.3,Hot Pink,Gel,In Stock,Niacinamide,Normal,No,Yes,Yes,Sally Hansen Miracle Gel
1458,Lakmé,Lipstick,Absolute Matte Lipstick,Sephora,444,8,408,4.5,Ruby Red,Matte,In Stock,Vitamin C,Oily,Yes,Yes,Yes,Maybelline Super Stay Matte Ink
1459,Swiss Beauty,Foundation,HD Matte Foundation,Sephora,350,18,287,4.3,Beige,Liquid,In Stock,Vitamin C,Oily,Yes,Yes,Yes,Faces Canada Weightless Matte Foundation
1460,Revlon,Nail Polish,ColorStay Gel Envy,Myntra,666,44,372,4.3,Hot Pink,Gel,In Stock,Hyaluronic Acid,Normal,No,Yes,Yes,Sally Hansen Miracle Gel
1461,Nykaa,Nail Polish,Matte Nail Enamel,Amazon,250,34,164,4.3,Rosy Blush,Matte,In Stock,Aloe Vera,Oily,No,Yes,Yes,Faces Canada Splash Nail Enamel
1462,Maybelline,Mascara,Colossal Waterproof Mascara,Myntra,721,10,648,4.6,Black,Waterproof,In Stock,Retinol,Combination,Yes,Yes,Yes,L'Oréal Paris Voluminous Mascara
1463,L'Oréal Paris,Serum,Revitalift Crystal Micro-Essence,Nykaa,703,6,660,4.6,Transparent,Essence,In Stock,Shea Butter,Combination,Yes,Yes,Yes,Olay Regenerist Serum
1464,Lakmé,Lipstick,Absolute Matte Lipstick,Nykaa,930,43,530,4.5,Ruby Red,Matte,In Stock,Vitamin C,Combination,Yes,Yes,Yes,Maybelline Super Stay Matte Ink
1465,Clinique,Moisturizer,Moisture Surge 100H,Amazon,743,44,416,4.7,Fragrance-Free,Gel,In Stock,Shea Butter,Sensitive,Yes,Yes,Yes,Neutrogena Hydro Boost Gel
1466,Charlotte Tilbury,Foundation,Airbrush Flawless,Nykaa,392,18,321,4.9,Neutral 5,Liquid,Limited,Shea Butter,Normal,Yes,Yes,Yes,Estée Lauder Double Wear
1467,Maybelline,Mascara,Colossal Waterproof Mascara,Sephora,910,29,646,4.6,Black,Waterproof,In Stock,Niacinamide,Oily,Yes,Yes,Yes,L'Oréal Paris Voluminous Mascara
1468,MAC,Lipstick,Retro Matte Lipstick,Myntra,514,33,344,4.8,Ruby Woo,Matte,In Stock,Niacinamide,Normal,Yes,Yes,Yes,NARS Power Matte Lip Pigment
1469,Nykaa,Nail Polish,Matte Nail Enamel,Sephora,813,27,593,4.3,Rosy Blush,Matte,In Stock,Glycerin,Oily,No,Yes,Yes,Faces Canada Splash Nail Enamel
1470,Maybelline,Mascara,Colossal Waterproof Mascara,Amazon,205,16,172,4.6,Black,Waterproof,In Stock,Hyaluronic Acid,Oily,Yes,Yes,Yes,L'Oréal Paris Voluminous Mascara
1471,Revlon,Nail Polish,ColorStay Gel Envy,Amazon,972,14,835,4.3,Hot Pink,Gel,In Stock,Shea Butter,Sensitive,No,Yes,Yes,Sally Hansen Miracle Gel
1472,Mars,Eyeshadow,Mars 12-Color Palette,Nykaa,661,9,601,4.2,Smokey Tones,Powder,In Stock,Retinol,Dry,No,Yes,Yes,Swiss Beauty Ultimate Eyeshadow
1473,Revlon,Nail Polish,ColorStay Gel Envy,Myntra,458,12,403,4.3,Hot Pink,Gel,In Stock,Niacinamide,Dry,No,Yes,Yes,Sally Hansen Miracle Gel
1474,MyGlamm,Concealer,Total Makeover Concealer,Flipkart,324,49,165,4.2,Almond,Liquid,In Stock,Glycerin,Oily,No,Yes,Yes,Maybelline Fit Me Concealer
1475,Kay Beauty,Lip Crayon,Matte Lip Crayon,Amazon,427,23,328,4.4,Carnation Nude,Matte,In Stock,Niacinamide,Dry,Yes,Yes,Yes,MyGlamm Perfect Lip Crayon
1476,Huda Beauty,Lipstick,Power Bullet Matte,Nykaa,274,15,232,4.8,Icon,Matte,In Stock,Niacinamide,Sensitive,Yes,Yes,Yes,Fenty Beauty Stunna Lip Paint
1477,NARS,Blush,Orgasm Blush,Flipkart,802,27,585,4.7,Peach Pink,Powder,Limited,Shea Butter,Normal,Yes,Yes,Yes,MAC Powder Blush
1478,Charlotte Tilbury,Foundation,Airbrush Flawless,Nykaa,765,46,413,4.9,Neutral 5,Liquid,Limited,Shea Butter,Dry,Yes,Yes,Yes,Estée Lauder Double Wear
1479,Charlotte Tilbury,Foundation,Airbrush Flawless,Nykaa,244,7,226,4.9,Neutral 5,Liquid,Limited,Niacinamide,Sensitive,Yes,Yes,Yes,Estée Lauder Double Wear
1480,Maybelline,Mascara,Colossal Waterproof Mascara,Myntra,376,28,270,4.6,Black,Waterproof,In Stock,Niacinamide,Normal,Yes,Yes,Yes,L'Oréal Paris Voluminous Mascara
1481,Revlon,Nail Polish,ColorStay Gel Envy,Myntra,379,32,257,4.3,Hot Pink,Gel,In Stock,Retinol,Dry,No,Yes,Yes,Sally Hansen Miracle Gel
1482,NARS,Blush,Orgasm Blush,Nykaa,433,23,333,4.7,Peach Pink,Powder,Limited,Retinol,Oily,Yes,Yes,Yes,MAC Powder Blush
1483,Charlotte Tilbury,Foundation,Airbrush Flawless,Sephora,778,45,427,4.9,Neutral 5,Liquid,Limited,Shea Butter,Normal,Yes,Yes,Yes,Estée Lauder Double Wear
1484,Mars,Eyeshadow,Mars 12-Color Palette,Myntra,870,19,704,4.2,Smokey Tones,Powder,In Stock,Aloe Vera,Oily,No,Yes,Yes,Swiss Beauty Ultimate Eyeshadow
1485,Lakmé,Lipstick,Absolute Matte Lipstick,Sephora,953,28,686,4.5,Ruby Red,Matte,In Stock,Hyaluronic Acid,Normal,Yes,Yes,Yes,Maybelline Super Stay Matte Ink
1486,Kay Beauty,Lip Crayon,Matte Lip Crayon,Flipkart,696,37,438,4.4,Carnation Nude,Matte,In Stock,Glycerin,Oily,Yes,Yes,Yes,MyGlamm Perfect Lip Crayon
1487,NARS,Blush,Orgasm Blush,Myntra,337,21,266,4.7,Peach Pink,Powder,Limited,Hyaluronic Acid,Oily,Yes,Yes,Yes,MAC Powder Blush
1488,L'Oréal Paris,Serum,Revitalift Crystal Micro-Essence,Flipkart,672,6,631,4.6,Transparent,Essence,In Stock,Hyaluronic Acid,Combination,Yes,Yes,Yes,Olay Regenerist Serum
1489,Mars,Eyeshadow,Mars 12-Color Palette,Myntra,665,19,538,4.2,Smokey Tones,Powder,In Stock,Shea Butter,Normal,No,Yes,Yes,Swiss Beauty Ultimate Eyeshadow
1490,MyGlamm,Concealer,Total Makeover Concealer,Sephora,768,35,499,4.2,Almond,Liquid,In Stock,Aloe Vera,Oily,No,Yes,Yes,Maybelline Fit Me Concealer
1491,Olay,Moisturizer,Regenerist Micro-Sculpting Cream,Myntra,786,49,400,4.5,Fragrance-Free,Cream,In Stock,Vitamin C,Dry,Yes,Yes,Yes,L'Oréal Paris Revitalift Cream
1492,Olay,Moisturizer,Regenerist Micro-Sculpting Cream,Nykaa,412,33,276,4.5,Fragrance-Free,Cream,In Stock,Aloe Vera,Oily,Yes,Yes,Yes,L'Oréal Paris Revitalift Cream
1493,Revlon,Nail Polish,ColorStay Gel Envy,Amazon,702,43,400,4.3,Hot Pink,Gel,In Stock,Retinol,Combination,No,Yes,Yes,Sally Hansen Miracle Gel
1494,Maybelline,Mascara,Colossal Waterproof Mascara,Nykaa,466,48,242,4.6,Black,Waterproof,In Stock,Vitamin C,Combination,Yes,Yes,Yes,L'Oréal Paris Voluminous Mascara
1495,Lakmé,Lipstick,Absolute Matte Lipstick,Amazon,257,26,190,4.5,Ruby Red,Matte,In Stock,Glycerin,Dry,Yes,Yes,Yes,Maybelline Super Stay Matte Ink
1496,Faces Canada,Lipstick,Comfy Matte Lipstick,Myntra,993,11,883,4.4,Cherry Red,Matte,In Stock,Glycerin,Combination,Yes,No,Yes,Nykaa So Matte Lipstick
1497,Charlotte Tilbury,Foundation,Airbrush Flawless,Myntra,897,14,771,4.9,Neutral 5,Liquid,Limited,Niacinamide,Normal,Yes,Yes,Yes,Estée Lauder Double Wear
1498,Olay,Moisturizer,Regenerist Micro-Sculpting Cream,Nykaa,416,26,307,4.5,Fragrance-Free,Cream,In Stock,Hyaluronic Acid,Combination,Yes,Yes,Yes,L'Oréal Paris Revitalift Cream
1499,MAC,Lipstick,Retro Matte Lipstick,Amazon,351,6,329,4.8,Ruby Woo,Matte,In Stock,Vitamin C,Oily,Yes,Yes,Yes,NARS Power Matte Lip Pigment
1500,Nykaa,Nail Polish,Matte Nail Enamel,Myntra,934,46,504,4.3,Rosy Blush,Matte,In Stock,Aloe Vera,Sensitive,No,Yes,Yes,Faces Canada Splash Nail Enamel
